Workbook
Name _Toc301930468: TestDesign!$B$219
Name _Toc301930478: TestDesign!$B$379
Name ACTION: #REF!
Name LOCAL_DATE_SEPARATOR: #REF!
Name LOCAL_DAY_FORMAT: #REF!
Name LOCAL_HOUR_FORMAT: #REF!
Name LOCAL_MINUTE_FORMAT: #REF!
Name LOCAL_MONTH_FORMAT: #REF!
Name LOCAL_SECOND_FORMAT: #REF!
Name LOCAL_TIME_SEPARATOR: #REF!
Name LOCAL_YEAR_FORMAT: #REF!

Sheet Cover
B2: TEST CASE
B4: Project Name | C4: nopCommerce Demo | F4: Creator | G4: Lê Hữu Phước
B5: Project Code | C5: NOP | F5: Reviewer/Approver | G5: ThS. Trần Thị Thanh Nga
B6: Document Code | C6: =C5&"_TestCase_V0.1" -> NOP_TestCase_V0.1 | F6: Issue Date | G6: 46317
F7: Version | G7: 0.1
B8: AUT (URL) | C8: https://demo.nopcommerce.com/register
B10: Record of change
B11: Effective Date | C11: Version | D11: Change Item | E11: *A,D,M | F11: Change description | G11: Reference
B12: 46318 | C12: 0.1 | E12: A | F12: Tạo Test Design và test case cho 4 module của nopCommerce Demo: Đăng ký, đăng nhập, đăng xuất (Register-Login-Logout, 83 test case); Khuyến mãi - Discounts (Promotions, 48 test case); Affiliates (Promotions, 42 test case); Newsletter subscribers (Promotions, 61 test case) | G12: nopCommerce documentation (docs.nopcommerce.com); admin-demo.nopcommerce.com/Admin/Discount/List; admin-demo.nopcommerce.com/Admin/Affiliate/List; admin-demo.nopcommerce.com/Admin/NewsLetterSubscription/List

Sheet Test case List
D1: TEST CASE LIST
B3: Project Name | D3: =Cover!C4 -> nopCommerce Demo
B4: Project Code | D4: =Cover!C5 -> NOP
B5: Test Environment Setup Description | D5: 1. Storefront: https://demo.nopcommerce.com/ (khách hàng) 2. Admin: https://admin-demo.nopcommerce.com/admin/ (tài khoản admin được điền sẵn trên trang đăng nhập), dùng để kiểm tra khách hàng mới, Newsletter subscribers, danh sách Discounts và danh sách Affiliates 3. Trình duyệt: Chrome, Firefox, Edge bản mới nhất; thử thêm chế độ mobile 4. Lưu ý: demo dùng chung và dữ liệu được reset định kỳ; mỗi lần đăng ký dùng email mới (ví dụ phuoc.test01@example.com) và ghi nhận thông báo thực tế khi khác mô tả
B8: No | C8: Function Name | D8: Sheet Name | E8: Description | F8: Pre-Condition
B9: 1 | C9: Đăng ký, đăng nhập, đăng xuất | D9: Register-Login-Logout | E9: Đăng ký (form Gender, First name, Last name, Email, Company name, Newsletter, Password, Confirm password: giao diện, thành công, bỏ trống, email, mật khẩu, họ tên/Company name, newsletter, bảo mật, điều hướng); Đăng nhập (giao diện, thành công, không thành công, bảo mật, quên mật khẩu); Đăng xuất | F9: Chưa đăng nhập; chuẩn bị email chưa đăng ký và tài khoản khách hàng hợp lệ; có tài khoản admin demo cho các case kiểm tra trên trang admin
B10: 2 | C10: Khuyến mãi (Promotions) | D10: Promotions | E10: Discounts (Promotions > Discounts) - danh sách: hiển thị trang, khối Search (Start date, End date, Discount type, Vendor, Coupon code, Discount name, Is active), bảng kết quả, phân trang, điều hướng ([Add new], [Edit], menu), bảo mật | F10: Đã đăng nhập trang admin demo (https://admin-demo.nopcommerce.com/admin/); dữ liệu mặc định có 2 discount ("'20% order total' discount", "Sample discount with coupon code"); chỉ xem và tìm kiếm, không lưu thay đổi dữ liệu
B11: 3 | C11: Affiliates (Promotions) | D11: Admin - Promotions - Affiliates | E11: Affiliates (Promotions > Affiliates) - danh sách: hiển thị trang, khối Search (First name, Last name, Friendly URL name, Load only with orders), bảng kết quả (First name, Last name, Active, Edit), phân trang, điều hướng ([Add new], [Edit], menu), bảo mật | F11: Đã đăng nhập trang admin demo (https://admin-demo.nopcommerce.com/admin/); dữ liệu mặc định có 1 affiliate (John Smith); chỉ xem và tìm kiếm, không lưu thay đổi dữ liệu
B12: 4 | C12: Newsletter subscribers (Promotions) | D12: Admin - Promotions - Newsletter | E12: Newsletter subscribers (Promotions > Newsletter subscribers) - danh sách: hiển thị trang, chuẩn bị dữ liệu từ storefront, khối Search (Email, Start date, End date, Active, Customer role, Subscription type), bảng kết quả, phân trang, [Export to CSV], [Import from CSV], điều hướng ([Add new], [Edit], menu), bảo mật | F12: Đã đăng nhập trang admin demo; danh sách mặc định chưa có subscriber (No records); cần tạo 2 subscriber từ storefront (đăng ký tài khoản có tích Newsletter và ô Newsletter ở footer) bằng email chưa dùng; không lưu thay đổi trực tiếp trên trang admin

Sheet TestDesign
A1: Requirement Level 1 | B1: Requirement Level 2 | C1: Requirement Level 3 | D1: Test Criteria | E1: Test Type | F1: Note
A2: 1. Đăng ký, đăng nhập, đăng xuất | B2: 1.1 Đăng ký | C2: Hiển thị | D2: Kiểm tra mở trang đăng ký từ liên kết [Register] trên header | E2: Function
D3: Kiểm tra truy cập trực tiếp bằng URL /register và header khi chưa đăng nhập | E3: GUI
D4: Kiểm tra các nhóm và trường trên form đăng ký | E4: GUI
D5: Kiểm tra dấu * ở các trường bắt buộc và giá trị mặc định của form | E5: GUI
D6: Kiểm tra Gender chỉ cho chọn một giá trị | E6: Function
D7: Kiểm tra ô Password và Confirm password ẩn ký tự | E7: Function
D8: Kiểm tra thao tác bằng bàn phím (Tab, Enter) | E8: Function
D9: Kiểm tra layout form trên desktop và mobile | E9: GUI
C10: Thành công | D10: Kiểm tra đăng ký thành công khi nhập đủ thông tin hợp lệ (Male, có Company name, tích Newsletter) | E10: Function | F10: Ghi lại email dùng ở case này cho các case phụ thuộc; nếu demo đã reset dữ liệu thì chạy lại case này
D11: Kiểm tra đăng ký thành công khi chỉ nhập các trường bắt buộc | E11: Function
D12: Kiểm tra đăng ký thành công khi chọn Female và bỏ tích Newsletter | E12: Function
D13: Kiểm tra nút [Continue] và trạng thái đăng nhập sau khi đăng ký | E13: Function
D14: Kiểm tra thông tin tài khoản được lưu đúng | E14: Function
D15: Kiểm tra đăng nhập lại bằng tài khoản vừa đăng ký | E15: Function
D16: Kiểm tra khách hàng mới hiển thị trong trang admin | E16: Function
D17: Kiểm tra đăng ký với tên tiếng Việt có dấu | E17: Function
D18: Kiểm tra đăng ký với tên có dấu nháy và gạch nối | E18: Function
D19: Kiểm tra đăng ký với Email có dấu "+" và dấu chấm | E19: Function
D20: Kiểm tra đăng ký với Email viết hoa rồi đăng nhập bằng chữ thường | E20: Function
D21: Kiểm tra đăng ký với mật khẩu chứa ký tự đặc biệt | E21: Function
D22: Kiểm tra giỏ hàng vãng lai được giữ lại sau khi đăng ký | E22: Function
D23: Kiểm tra wishlist vãng lai được giữ lại sau khi đăng ký | E23: Function
C24: Bỏ trống trường | D24: Kiểm tra để trống First name | E24: Function
D25: Kiểm tra để trống Last name | E25: Function
D26: Kiểm tra để trống Email | E26: Function
D27: Kiểm tra để trống Password | E27: Function
D28: Kiểm tra để trống Confirm password | E28: Function
D29: Kiểm tra để trống toàn bộ form | E29: Function
D30: Kiểm tra First name và Last name chỉ gồm khoảng trắng | E30: Function
D31: Kiểm tra Password và Confirm password chỉ gồm khoảng trắng | E31: Function | F31: Xác nhận nội dung thông báo thực tế khi chạy
D32: Kiểm tra thông báo lỗi biến mất sau khi nhập đúng | E32: Function
C33: Email | D33: Kiểm tra Email sai định dạng: thiếu @ và tên miền | E33: Function
D34: Kiểm tra Email sai định dạng: thiếu phần mở rộng tên miền (.com) | E34: Function | F34: Nếu demo chấp nhận email không có phần mở rộng tên miền thì ghi nhận Fail
D35: Kiểm tra Email sai định dạng: thiếu phần tên trước @ | E35: Function
D36: Kiểm tra Email sai định dạng: có 2 dấu @ | E36: Function
D37: Kiểm tra Email sai định dạng: có khoảng trắng ở giữa | E37: Function
D38: Kiểm tra Email chứa mã script | E38: Function
D39: Kiểm tra Email đã tồn tại | E39: Function
D40: Kiểm tra Email đã tồn tại nhưng khác chữ hoa / thường | E40: Function
C41: Mật khẩu | D41: Kiểm tra mật khẩu 5 ký tự (dưới giới hạn tối thiểu) | E41: Function
D42: Kiểm tra mật khẩu đúng 6 ký tự (giá trị biên dưới) | E42: Function
D43: Kiểm tra mật khẩu đúng 64 ký tự (giá trị biên trên) | E43: Function
D44: Kiểm tra mật khẩu 65 ký tự (vượt giới hạn tối đa) | E44: Function
D45: Kiểm tra Confirm password khác hoàn toàn Password | E45: Function
D46: Kiểm tra Confirm password chỉ khác chữ hoa / thường | E46: Function
D47: Kiểm tra mật khẩu chỉ gồm chữ số (không yêu cầu độ mạnh) | E47: Function | F47: Form chỉ nêu quy tắc độ dài 6 - 64 ký tự; nếu demo báo lỗi về độ mạnh mật khẩu thì ghi nhận Fail
C48: Trường thông tin | D48: Kiểm tra First name và Last name chỉ có 1 ký tự (giá trị biên dưới) | E48: Function
D49: Kiểm tra họ tên chứa chữ số và ký tự đặc biệt | E49: Function | F49: nopCommerce mặc định không kiểm tra ký tự của họ tên; nếu demo chặn thì ghi nhận Fail
D50: Kiểm tra Company name chứa ký tự đặc biệt | E50: Function
C51: Newsletter | D51: Kiểm tra đăng ký tích Newsletter hiển thị trong trang admin | E51: Function
D52: Kiểm tra đăng ký bỏ tích Newsletter thì không có trong danh sách subscriber | E52: Function
D53: Kiểm tra bật rồi tắt Newsletter sau khi đăng ký | E53: Function
D54: Kiểm tra email đã đăng ký newsletter ở footer rồi đăng ký tài khoản cùng email | E54: Function
C55: Bảo mật | D55: Kiểm tra mã script ở First name không bị thực thi | E55: Function
D56: Kiểm tra SQL injection ở họ tên | E56: Function
D57: Kiểm tra nhấn [REGISTER] nhiều lần liên tiếp | E57: Function
D58: Kiểm tra tải lại trang (F5) sau khi đăng ký thành công | E58: Function
D59: Kiểm tra nút Back của trình duyệt sau khi đăng ký thành công | E59: Function
D60: Kiểm tra email và mật khẩu không xuất hiện trên URL | E60: Function
D61: Kiểm tra trang đăng ký dùng kết nối HTTPS | E61: GUI
C62: Liên kết | D62: Kiểm tra liên kết [Log in] trên header của trang đăng ký | E62: Function
D63: Kiểm tra click logo nopCommerce khi đang nhập dở form | E63: Function
B64: 1.2 Đăng nhập | C64: Hiển thị | D64: Kiểm tra mở trang đăng nhập từ menu [Log in] | E64: Function
D65: Kiểm tra layout trang đăng nhập | E65: GUI
D66: Kiểm tra nút [Register] trong khối New Customer | E66: Function
C67: Thành công | D67: Kiểm tra đăng nhập với Email và Password đúng | E67: Function
D68: Kiểm tra tùy chọn [Remember me] | E68: Function
D69: Kiểm tra Email không phân biệt chữ hoa thường | E69: Function
D70: Kiểm tra đăng nhập có khoảng trắng đầu cuối ở Email | E70: Function | F70: Ghi nhận hành vi thực tế khi có khoảng trắng đầu/cuối
D71: Kiểm tra đăng nhập bằng phím Enter | E71: Function
D72: Kiểm tra quay lại trang đang xem sau khi đăng nhập | E72: Function
C73: Không thành công | D73: Kiểm tra Email đúng, Password sai | E73: Function
D74: Kiểm tra Email chưa đăng ký | E74: Function
D75: Kiểm tra để trống Email | E75: Function
D76: Kiểm tra để trống Password | E76: Function
D77: Kiểm tra để trống cả hai trường | E77: Function
D78: Kiểm tra Email sai định dạng | E78: Function
D79: Kiểm tra Password phân biệt chữ hoa thường | E79: Function
C80: Bảo mật | D80: Kiểm tra nhập ký tự đặc biệt / SQL injection vào Email và Password | E80: Function
D81: Kiểm tra nhập sai nhiều lần liên tiếp | E81: Function | F81: Tài khoản có bị khóa tạm thời hay không tùy cấu hình demo
C82: Quên mật khẩu | D82: Kiểm tra liên kết [Forgot password?] | E82: Function
B83: 1.3 Đăng xuất | C83: Đăng xuất | D83: Kiểm tra đăng xuất | E83: Function
D84: Kiểm tra truy cập trang tài khoản khi chưa đăng nhập | E84: Function
A85: 2. Khuyến mãi (Promotions) | B85: 2.1 Discounts (danh sách) | C85: Hiển thị | D85: Kiểm tra mở trang Discounts từ menu Promotions | E85: Function
D86: Kiểm tra truy cập trực tiếp bằng URL /Admin/Discount/List | E86: Function
D87: Kiểm tra thông báo cảnh báo ở đầu trang | E87: GUI | F87: Thông báo chỉ hiển thị khi cấu hình Ignore discounts (sitewide) đang bật; ghi nhận hành vi thực tế sau khi tải lại trang
D88: Kiểm tra các trường và nút trong khối Search | E88: GUI
D89: Kiểm tra giá trị mặc định của khối Search | E89: GUI
D90: Kiểm tra tooltip (?) của các trường tìm kiếm | E90: GUI
D91: Kiểm tra thu gọn / mở rộng khối Search | E91: GUI
D92: Kiểm tra các cột của bảng danh sách | E92: GUI
D93: Kiểm tra dữ liệu mặc định trong bảng | E93: GUI | F93: Dữ liệu demo dùng chung, có thể bị reset hoặc bị người khác thêm/sửa; đối chiếu theo dữ liệu thực tế khi chạy
D94: Kiểm tra định dạng cột Discount (phần trăm và số tiền) | E94: GUI | F94: Dữ liệu demo dùng chung, có thể bị reset hoặc bị người khác thêm/sửa; đối chiếu theo dữ liệu thực tế khi chạy
D95: Kiểm tra layout trang trên desktop và mobile | E95: GUI
C96: Tìm kiếm | D96: Kiểm tra tìm theo Discount name đầy đủ | E96: Function | F96: Dữ liệu demo dùng chung, có thể bị reset hoặc bị người khác thêm/sửa; đối chiếu theo dữ liệu thực tế khi chạy
D97: Kiểm tra tìm theo một phần Discount name | E97: Function | F97: Dữ liệu demo dùng chung, có thể bị reset hoặc bị người khác thêm/sửa; đối chiếu theo dữ liệu thực tế khi chạy; ghi nhận hành vi thực tế về phân biệt hoa thường
D98: Kiểm tra tìm Discount name không tồn tại | E98: Function | F98: Ghi nhận nội dung thông báo thực tế khi bảng rỗng
D99: Kiểm tra tìm theo Coupon code | E99: Function | F99: Dữ liệu demo dùng chung, có thể bị reset hoặc bị người khác thêm/sửa; đối chiếu theo dữ liệu thực tế khi chạy
D100: Kiểm tra tìm Coupon code không tồn tại | E100: Function
...

Sheet User - Register-Login-Logout
A2: Module Code | B2: User - Register-Login-Logout | J2: Passed
A3: Test requirement | B3: Đăng ký, đăng nhập, đăng xuất | J3: Failed
A4: Tester | B4: Lê Hữu Phước | J4: Blocked
A5: Passed | B5: Failed | C5: Untested | D5: Blocked | E5: Skipped | F5: Number of Test cases | J5: Untested
A6: =COUNTIF(F9:F996,"Passed") -> 58 | B6: =COUNTIF(F9:F996,"Failed") -> 25 | C6: =F6-E6-D6-B6-A6 -> 0 | D6: =COUNTIF(F$9:F$996,"Blocked") -> 0 | E6: =COUNTIF(F$9:F$996,"Skipped") -> 0 | F6: =COUNTA(A9:A996) -> 83 | J6: Skipped
A8: ID | B8: Test Case Description | C8: Test Case Procedure | D8: Expected Output | E8: Inter-test case Dependence | F8: Result | G8: Test date | H8: Note
A9: AUTH_REG_View_01 | B9: Kiểm tra mở trang đăng ký từ liên kết [Register] trên header | C9: Pre-condition: + Chưa đăng nhập Step: 1. Mở https://demo.nopcommerce.com/ 2. Click [Register] ở góc trên bên phải | D9: 1. Hiển thị trang chủ, header có [Register] và [Log in] 2. Hiển thị trang Register (URL /register), tiêu đề trang là "Register" | F9: Passed
A10: AUTH_REG_View_02 | B10: Kiểm tra truy cập trực tiếp bằng URL /register và header khi chưa đăng nhập | C10: Pre-condition: + Chưa đăng nhập Step: 1. Nhập URL https://demo.nopcommerce.com/register vào thanh địa chỉ 2. Quan sát header | D10: 1. Hiển thị trang Register, menu danh mục hiển thị bình thường 2. Header hiển thị [Register], [Log in], Wishlist (0), Shopping cart (0), ô Search store, ô chọn tiền tệ; chưa có [My account] / [Log out] | F10: Passed
A11: AUTH_REG_View_03 | B11: Kiểm tra các nhóm và trường trên form đăng ký | C11: 1. Mở trang Register 2. Quan sát form | D11: 1. Hiển thị trang Register 2. Có 4 nhóm: Your Personal Details (Gender Male/Female, First name, Last name, Email), Company Details (Company name), Subscribe to newsletter (Newsletter), Your Password (Password, Confirm password); có nút [REGISTER] | F11: Failed
A12: AUTH_REG_View_04 | B12: Kiểm tra dấu * ở các trường bắt buộc và giá trị mặc định của form | C12: 1. Mở trang Register mới (chưa nhập gì) 2. Quan sát dấu * bên cạnh các trường 3. Quan sát giá trị mặc định của các trường | D12: 1. Hiển thị trang Register 2. Dấu * chỉ có ở First name, Last name, Email, Password, Confirm password; Gender, Company name, Newsletter không có dấu * 3. Gender chưa chọn; các ô nhập đều trống; Newsletter được tích sẵn | F12: Failed
A13: AUTH_REG_View_05 | B13: Kiểm tra Gender chỉ cho chọn một giá trị | C13: 1. Click chọn Male 2. Click chọn Female | D13: 1. Male được chọn 2. Female được chọn và Male tự bỏ chọn (radio button) | F13: Passed
A14: AUTH_REG_View_06 | B14: Kiểm tra ô Password và Confirm password ẩn ký tự | C14: 1. Nhập "Test@123456" vào ô Password 2. Nhập "Test@123456" vào ô Confirm password | D14: 1. Ký tự hiển thị dạng dấu chấm, không lộ mật khẩu 2. Ký tự hiển thị dạng dấu chấm, không lộ mật khẩu | F14: Passed
A15: AUTH_REG_View_07 | B15: Kiểm tra thao tác bằng bàn phím (Tab, Enter) | C15: Pre-condition: + Chưa đăng nhập, đang ở trang Register + Dùng email chưa đăng ký (mỗi lần test dùng email mới, ví dụ phuoc.test01@example.com) + Dữ liệu hợp lệ: First name "Phuoc", Last name "Le", Password và Confirm password "Test@123456" Step: 1. Click vào ô First name, nhấn Tab liên tục 2. Nhập dữ liệu hợp lệ vào các ô, đứng ở ô Confirm password rồi nhấn Enter | D15: 1. Con trỏ di chuyển theo thứ tự: Last name, Email, Company name, Newsletter, Password, Confirm password, [REGISTER] 2. Form được gửi, đăng ký thành công | F15: Passed
A16: AUTH_REG_View_08 | B16: Kiểm tra layout form trên desktop và mobile | C16: 1. Xem form trên desktop 2. Thu nhỏ trình duyệt về kích thước mobile | D16: 1. Form căn giữa, nhãn và ô nhập thẳng hàng 2. Form co giãn đúng, không tràn khung, nút [REGISTER] vẫn thao tác được | F16: Passed
A17: AUTH_REG_Success_01 | B17: Kiểm tra đăng ký thành công khi nhập đủ thông tin hợp lệ (Male, có Company name, tích Newsletter) | C17: Pre-condition: + Chưa đăng nhập, đang ở trang Register + Dùng email chưa đăng ký (mỗi lần test dùng email mới, ví dụ phuoc.test01@example.com) Step: 1. Chọn Male; nhập First name "Phuoc", Last name "Le", Email chưa dùng, Company name "ABC Co., Ltd" 2. Nhập Password và Confirm password "Test@123456", giữ nguyên Newsletter được tích sẵn 3. Click [REGISTER] | D17: 1. Dữ liệu được nhập, không báo lỗi 2. Mật khẩu hiển thị dạng dấu chấm; Newsletter vẫn được tích 3. Hiển thị "Your registration completed" và nút [Continue] | F17: Passed | H17: Ghi lại email dùng ở case này cho các case phụ thuộc; nếu demo đã reset dữ liệu thì chạy lại case này
A18: AUTH_REG_Success_02 | B18: Kiểm tra đăng ký thành công khi chỉ nhập các trường bắt buộc | C18: Pre-condition: + Chưa đăng nhập, đang ở trang Register + Dùng email chưa đăng ký (mỗi lần test dùng email mới, ví dụ phuoc.test01@example.com) + Dữ liệu hợp lệ: First name "Phuoc", Last name "Le", Password và Confirm password "Test@123456" Step: 1. Bỏ trống Gender và Company name; nhập First name, Last name, Email, Password, Confirm password hợp lệ 2. Click [REGISTER] | D18: 1. Dữ liệu được nhập, không báo lỗi 2. Đăng ký thành công, không báo lỗi ở Gender và Company name | F18: Passed
A19: AUTH_REG_Success_03 | B19: Kiểm tra đăng ký thành công khi chọn Female và bỏ tích Newsletter | C19: Pre-condition: + Chưa đăng nhập, đang ở trang Register + Dùng email chưa đăng ký (mỗi lần test dùng email mới, ví dụ phuoc.test01@example.com) + Dữ liệu hợp lệ: First name "Phuoc", Last name "Le", Password và Confirm password "Test@123456" Step: 1. Chọn Female, bỏ tích Newsletter, nhập các trường bắt buộc hợp lệ 2. Click [REGISTER] 3. Click [My account] > [Customer info] | D19: 1. Female được chọn, Newsletter không còn được tích 2. Hiển thị "Your registration completed" 3. Gender là Female, Newsletter không được tích | F19: Failed
A20: AUTH_REG_Success_04 | B20: Kiểm tra nút [Continue] và trạng thái đăng nhập sau khi đăng ký | C20: Pre-condition: + Vừa hoàn thành AUTH_REG_Success_01, đang ở màn hình "Your registration completed" Step: 1. Click [Continue] 2. Quan sát header | D20: 1. Chuyển về trang chủ 2. Header hiển thị [My account], [Log out], Wishlist (0), Shopping cart (0); không còn [Register] / [Log in] | E20: AUTH_REG_Success_01 | F20: Passed
A21: AUTH_REG_Success_05 | B21: Kiểm tra thông tin tài khoản được lưu đúng | C21: Pre-condition: + Đã hoàn thành AUTH_REG_Success_04 (đang đăng nhập bằng tài khoản của AUTH_REG_Success_01) Step: 1. Click [My account] 2. Quan sát thông tin trong [Customer info] | D21: 1. Hiển thị trang Customer info 2. Gender, First name, Last name, Email, Company name đúng với dữ liệu đã nhập ở AUTH_REG_Success_01; Newsletter được tích | E21: AUTH_REG_Success_04 | F21: Failed
A22: AUTH_REG_Success_06 | B22: Kiểm tra đăng nhập lại bằng tài khoản vừa đăng ký | C22: Pre-condition: + Đang đăng nhập bằng tài khoản của AUTH_REG_Success_01 Step: 1. Click [Log out] 2. Click [Log in], đăng nhập bằng email và mật khẩu của AUTH_REG_Success_01 | D22: 1. Đăng xuất thành công, header hiển thị lại [Register] / [Log in] 2. Đăng nhập thành công vào đúng tài khoản | E22: AUTH_REG_Success_01 | F22: Passed
A23: AUTH_REG_Success_07 | B23: Kiểm tra khách hàng mới hiển thị trong trang admin | C23: Pre-condition: + Chưa đăng nhập + Có tài khoản admin demo (https://admin-demo.nopcommerce.com/admin/) + Đã hoàn thành AUTH_REG_Success_01 (dùng email của tài khoản đó) Step: 1. Đăng nhập trang admin 2. Mở [Customers] > [Customers], tìm email của AUTH_REG_Success_01 | D23: 1. Đăng nhập admin thành công 2. Khách hàng xuất hiện trong danh sách với đúng họ tên, email và nhóm [Registered] | E23: AUTH_REG_Success_01 | F23: Passed
A24: AUTH_REG_Success_08 | B24: Kiểm tra đăng ký với tên tiếng Việt có dấu | C24: Pre-condition: + Chưa đăng nhập, đang ở trang Register + Dùng email chưa đăng ký (mỗi lần test dùng email mới, ví dụ phuoc.test01@example.com) + Dữ liệu hợp lệ: First name "Phuoc", Last name "Le", Password và Confirm password "Test@123456" Step: 1. Nhập First name "Phước", Last name "Lê Hữu", các trường còn lại hợp lệ 2. Click [REGISTER] 3. Click [My account] > [Customer info] | D24: 1. Họ tên hiển thị đúng dấu trong ô nhập 2. Đăng ký thành công 3. Họ tên hiển thị đúng dấu, không lỗi font | F24: Passed
A25: AUTH_REG_Success_09 | B25: Kiểm tra đăng ký với tên có dấu nháy và gạch nối | C25: Pre-condition: + Chưa đăng nhập, đang ở trang Register + Dùng email chưa đăng ký (mỗi lần test dùng email mới, ví dụ phuoc.test01@example.com) + Dữ liệu hợp lệ: First name "Phuoc", Last name "Le", Password và Confirm password "Test@123456" Step: 1. Nhập First name "Anne-Marie", Last name "O'Neil", các trường còn lại hợp lệ 2. Click [REGISTER] 3. Click [My account] > [Customer info] | D25: 1. Họ tên hiển thị đúng như đã nhập 2. Đăng ký thành công 3. Họ tên lưu và hiển thị đúng "Anne-Marie" và "O'Neil" | F25: Passed
A26: AUTH_REG_Success_10 | B26: Kiểm tra đăng ký với Email có dấu "+" và dấu chấm | C26: Pre-condition: + Chưa đăng nhập, đang ở trang Register + Dùng email chưa đăng ký (mỗi lần test dùng email mới, ví dụ phuoc.test01@example.com) + Dữ liệu hợp lệ: First name "Phuoc", Last name "Le", Password và Confirm password "Test@123456" Step: 1. Nhập Email "phuoc.le+test03@example.com", các trường còn lại hợp lệ 2. Click [REGISTER] 3. Click [My account] > [Customer info] | D26: 1. Email hiển thị đúng như đã nhập 2. Đăng ký thành công 3. Email lưu và hiển thị đúng "phuoc.le+test03@example.com" | F26: Passed
A27: AUTH_REG_Success_11 | B27: Kiểm tra đăng ký với Email viết hoa rồi đăng nhập bằng chữ thường | C27: Pre-condition: + Chưa đăng nhập, đang ở trang Register + Dùng email chưa đăng ký (mỗi lần test dùng email mới, ví dụ phuoc.test01@example.com) + Dữ liệu hợp lệ: First name "Phuoc", Last name "Le", Password và Confirm password "Test@123456" Step: 1. Nhập Email "Phuoc.Test02@Example.COM", các trường còn lại hợp lệ 2. Click [REGISTER] 3. Click [Log out] 4. Click [Log in], đăng nhập bằng email "phuoc.test02@example.com" và mật khẩu đã đăng ký | D27: 1. Email hiển thị đúng như đã nhập 2. Đăng ký thành công 3. Đăng xuất thành công 4. Đăng nhập thành công (email không phân biệt hoa thường) | F27: Passed
A28: AUTH_REG_Success_12 | B28: Kiểm tra đăng ký với mật khẩu chứa ký tự đặc biệt | C28: Pre-condition: + Chưa đăng nhập, đang ở trang Register + Dùng email chưa đăng ký (mỗi lần test dùng email mới, ví dụ phuoc.test01@example.com) + Dữ liệu hợp lệ: First name "Phuoc", Last name "Le", Password và Confirm password "Test@123456" Step: 1. Nhập Password và Confirm password "P@ss!#$%^&*()_+w0rd", các trường còn lại hợp lệ 2. Click [REGISTER] 3. Click [Log out], rồi đăng nhập lại bằng mật khẩu đó | D28: 1. Mật khẩu hiển thị dạng dấu chấm 2. Đăng ký thành công 3. Đăng nhập thành công | F28: Passed
A29: AUTH_REG_Success_13 | B29: Kiểm tra giỏ hàng vãng lai được giữ lại sau khi đăng ký | C29: Pre-condition: + Chưa đăng nhập + Dùng email chưa đăng ký (mỗi lần test dùng email mới, ví dụ phuoc.test01@example.com) + Dữ liệu hợp lệ: First name "Phuoc", Last name "Le", Password và Confirm password "Test@123456" Step: 1. Mở trang chi tiết một sản phẩm không yêu cầu chọn thuộc tính, click [Add to cart] 2. Mở trang Register, đăng ký tài khoản mới với dữ liệu hợp lệ 3. Click [Shopping cart] | D29: 1. Header hiển thị Shopping cart (1) 2. Đăng ký thành công 3. Giỏ hàng vẫn còn sản phẩm đã thêm | F29: Passed
A30: AUTH_REG_Success_14 | B30: Kiểm tra wishlist vãng lai được giữ lại sau khi đăng ký | C30: Pre-condition: + Chưa đăng nhập + Dùng email chưa đăng ký (mỗi lần test dùng email mới, ví dụ phuoc.test01@example.com) + Dữ liệu hợp lệ: First name "Phuoc", Last name "Le", Password và Confirm password "Test@123456" Step: 1. Mở trang chi tiết một sản phẩm không yêu cầu chọn thuộc tính, click [Add to wishlist] 2. Mở trang Register, đăng ký tài khoản mới với dữ liệu hợp lệ 3. Click [Wishlist] | D30: 1. Header hiển thị Wishlist (1) 2. Đăng ký thành công 3. Wishlist vẫn còn sản phẩm đã thêm | F30: Passed
A31: AUTH_REG_Empty_01 | B31: Kiểm tra để trống First name | C31: Pre-condition: + Chưa đăng nhập, đang ở trang Register + Dùng email chưa đăng ký (mỗi lần test dùng email mới, ví dụ phuoc.test01@example.com) + Dữ liệu hợp lệ: First name "Phuoc", Last name "Le", Password và Confirm password "Test@123456" Step: 1. Để trống First name, nhập các trường còn lại hợp lệ 2. Click [REGISTER] | D31: 1. Các trường còn lại có dữ liệu, First name để trống 2. Hiển thị "First name is required."; không tạo tài khoản | F31: Passed
A32: AUTH_REG_Empty_02 | B32: Kiểm tra để trống Last name | C32: Pre-condition: + Chưa đăng nhập, đang ở trang Register + Dùng email chưa đăng ký (mỗi lần test dùng email mới, ví dụ phuoc.test01@example.com) + Dữ liệu hợp lệ: First name "Phuoc", Last name "Le", Password và Confirm password "Test@123456" Step: 1. Để trống Last name, nhập các trường còn lại hợp lệ 2. Click [REGISTER] | D32: 1. Các trường còn lại có dữ liệu, Last name để trống 2. Hiển thị "Last name is required."; không tạo tài khoản | F32: Passed
A33: AUTH_REG_Empty_03 | B33: Kiểm tra để trống Email | C33: Pre-condition: + Chưa đăng nhập, đang ở trang Register + Dùng email chưa đăng ký (mỗi lần test dùng email mới, ví dụ phuoc.test01@example.com) + Dữ liệu hợp lệ: First name "Phuoc", Last name "Le", Password và Confirm password "Test@123456" Step: 1. Để trống Email, nhập các trường còn lại hợp lệ 2. Click [REGISTER] | D33: 1. Các trường còn lại có dữ liệu, Email để trống 2. Hiển thị "Email is required."; không tạo tài khoản | F33: Passed
A34: AUTH_REG_Empty_04 | B34: Kiểm tra để trống Password | C34: Pre-condition: + Chưa đăng nhập, đang ở trang Register + Dùng email chưa đăng ký (mỗi lần test dùng email mới, ví dụ phuoc.test01@example.com) + Dữ liệu hợp lệ: First name "Phuoc", Last name "Le", Password và Confirm password "Test@123456" Step: 1. Để trống Password, nhập Confirm password "Test@123456", các trường còn lại hợp lệ 2. Click [REGISTER] | D34: 1. Ô Password trống, Confirm password có dữ liệu 2. Hiển thị "Password is required." ở ô Password; không tạo tài khoản | F34: Passed
A35: AUTH_REG_Empty_05 | B35: Kiểm tra để trống Confirm password | C35: Pre-condition: + Chưa đăng nhập, đang ở trang Register + Dùng email chưa đăng ký (mỗi lần test dùng email mới, ví dụ phuoc.test01@example.com) + Dữ liệu hợp lệ: First name "Phuoc", Last name "Le", Password và Confirm password "Test@123456" Step: 1. Nhập Password "Test@123456", để trống Confirm password, các trường còn lại hợp lệ 2. Click [REGISTER] | D35: 1. Ô Confirm password trống, Password có dữ liệu 2. Hiển thị "Password is required." ở ô Confirm password; không tạo tài khoản | F35: Passed
... A37: AUTH_REG_Empty_07 | B37: Kiểm tra First name và Last name chỉ gồm khoảng trắng | C37: Pre-condition: + Chưa đăng nhập, đang ở trang Register + Dùng email chưa đăng ký (mỗi lần test dùng email mới, ví dụ phuoc.test01@example.com) + Dữ liệu hợp lệ: First name "Phuoc", Last name "Le", Password và Confirm password "Test@123456" Step: 1. Nhập First name và Last name chỉ gồm 3 dấu cách, các trường còn lại hợp lệ 2. Click [REGISTER] | D37: 1. Hai ô họ tên chỉ chứa khoảng trắng 2. Hiển thị "First name is required." và "Last name is required."; không tạo tài khoản | F37: Passed
A38: AUTH_REG_Empty_08 | B38: Kiểm tra Password và Confirm password chỉ gồm khoảng trắng | C38: Pre-condition: + Chưa đăng nhập, đang ở trang Register + Dùng email chưa đăng ký (mỗi lần test dùng email mới, ví dụ phuoc.test01@example.com) + Dữ liệu hợp lệ: First name "Phuoc", Last name "Le", Password và Confirm password "Test@123456" Step: 1. Nhập Password và Confirm password gồm 6 dấu cách, các trường còn lại hợp lệ 2. Click [REGISTER] | D38: 1. Hai ô mật khẩu chứa 6 ký tự (dấu chấm) 2. Hiển thị thông báo lỗi ở ô Password; không tạo tài khoản | F38: Failed | H38: Xác nhận nội dung thông báo thực tế khi chạy
A39: AUTH_REG_Empty_09 | B39: Kiểm tra thông báo lỗi biến mất sau khi nhập đúng | C39: Pre-condition: + Chưa đăng nhập, đang ở trang Register + Dùng email chưa đăng ký (mỗi lần test dùng email mới, ví dụ phuoc.test01@example.com) + Dữ liệu hợp lệ: First name "Phuoc", Last name "Le", Password và Confirm password "Test@123456" Step: 1. Click [REGISTER] khi form trống 2. Nhập dữ liệu hợp lệ vào từng ô 3. Click [REGISTER] | D39: 1. Hiển thị lỗi ở 5 trường bắt buộc 2. Thông báo lỗi của từng ô biến mất khi ô đó được nhập đúng 3. Đăng ký thành công | F39: Failed
A40: AUTH_REG_Email_01 | B40: Kiểm tra Email sai định dạng: thiếu @ và tên miền | C40: Pre-condition: + Chưa đăng nhập, đang ở trang Register + Dùng email chưa đăng ký (mỗi lần test dùng email mới, ví dụ phuoc.test01@example.com) + Dữ liệu hợp lệ: First name "Phuoc", Last name "Le", Password và Confirm password "Test@123456" Step: 1. Nhập Email "abc", các trường còn lại hợp lệ 2. Click [REGISTER] | D40: 1. Các ô hiển thị đúng dữ liệu đã nhập 2. Hiển thị "Wrong email"; không tạo tài khoản | F40: Passed
A41: AUTH_REG_Email_02 | B41: Kiểm tra Email sai định dạng: thiếu phần mở rộng tên miền (.com) | C41: Pre-condition: + Chưa đăng nhập, đang ở trang Register + Dùng email chưa đăng ký (mỗi lần test dùng email mới, ví dụ phuoc.test01@example.com) + Dữ liệu hợp lệ: First name "Phuoc", Last name "Le", Password và Confirm password "Test@123456" Step: 1. Nhập Email "abc@example", các trường còn lại hợp lệ 2. Click [REGISTER] | D41: 1. Các ô hiển thị đúng dữ liệu đã nhập 2. Hiển thị "Wrong email"; không tạo tài khoản | F41: Passed | H41: Nếu demo chấp nhận email không có phần mở rộng tên miền thì ghi nhận Fail
A42: AUTH_REG_Email_03 | B42: Kiểm tra Email sai định dạng: thiếu phần tên trước @ | C42: Pre-condition: + Chưa đăng nhập, đang ở trang Register + Dùng email chưa đăng ký (mỗi lần test dùng email mới, ví dụ phuoc.test01@example.com) + Dữ liệu hợp lệ: First name "Phuoc", Last name "Le", Password và Confirm password "Test@123456" Step: 1. Nhập Email "@example.com", các trường còn lại hợp lệ 2. Click [REGISTER] | D42: 1. Các ô hiển thị đúng dữ liệu đã nhập 2. Hiển thị "Wrong email"; không tạo tài khoản | F42: Passed
A43: AUTH_REG_Email_04 | B43: Kiểm tra Email sai định dạng: có 2 dấu @ | C43: Pre-condition: + Chưa đăng nhập, đang ở trang Register + Dùng email chưa đăng ký (mỗi lần test dùng email mới, ví dụ phuoc.test01@example.com) + Dữ liệu hợp lệ: First name "Phuoc", Last name "Le", Password và Confirm password "Test@123456" Step: 1. Nhập Email "abc@@example.com", các trường còn lại hợp lệ 2. Click [REGISTER] | D43: 1. Các ô hiển thị đúng dữ liệu đã nhập 2. Hiển thị "Wrong email"; không tạo tài khoản | F43: Failed
A44: AUTH_REG_Email_05 | B44: Kiểm tra Email sai định dạng: có khoảng trắng ở giữa | C44: Pre-condition: + Chưa đăng nhập, đang ở trang Register + Dùng email chưa đăng ký (mỗi lần test dùng email mới, ví dụ phuoc.test01@example.com) + Dữ liệu hợp lệ: First name "Phuoc", Last name "Le", Password và Confirm password "Test@123456" Step: 1. Nhập Email "abc @example.com", các trường còn lại hợp lệ 2. Click [REGISTER] | D44: 1. Các ô hiển thị đúng dữ liệu đã nhập 2. Hiển thị "Wrong email"; không tạo tài khoản | F44: Failed
A45: AUTH_REG_Email_06 | B45: Kiểm tra Email chứa mã script | C45: Pre-condition: + Chưa đăng nhập, đang ở trang Register + Dùng email chưa đăng ký (mỗi lần test dùng email mới, ví dụ phuoc.test01@example.com) + Dữ liệu hợp lệ: First name "Phuoc", Last name "Le", Password và Confirm password "Test@123456" Step: 1. Nhập Email "<script>alert(1)</script>@example.com", các trường còn lại hợp lệ 2. Click [REGISTER] | D45: 1. Các ô hiển thị đúng dữ liệu đã nhập 2. Hiển thị "Wrong email"; không thực thi script; không tạo tài khoản | F45: Failed
A46: AUTH_REG_Email_07 | B46: Kiểm tra Email đã tồn tại | C46: Pre-condition: + Chưa đăng nhập, đang ở trang Register + Dữ liệu hợp lệ: First name "Phuoc", Last name "Le", Password và Confirm password "Test@123456" + Đã hoàn thành AUTH_REG_Success_01 (dùng email của tài khoản đó) Step: 1. Nhập Email của tài khoản AUTH_REG_Success_01, các trường còn lại hợp lệ 2. Click [REGISTER] | D46: 1. Các ô hiển thị đúng dữ liệu đã nhập 2. Hiển thị "The specified email already exists"; không tạo tài khoản mới | E46: AUTH_REG_Success_01 | F46: Passed
A47: AUTH_REG_Email_08 | B47: Kiểm tra Email đã tồn tại nhưng khác chữ hoa / thường | C47: Pre-condition: + Chưa đăng nhập, đang ở trang Register + Dữ liệu hợp lệ: First name "Phuoc", Last name "Le", Password và Confirm password "Test@123456" + Đã hoàn thành AUTH_REG_Success_01 (dùng email của tài khoản đó) Step: 1. Nhập Email của AUTH_REG_Success_01 nhưng viết hoa một số ký tự (ví dụ PHUOC.TEST01@example.com), các trường còn lại hợp lệ 2. Click [REGISTER] | D47: 1. Các ô hiển thị đúng dữ liệu đã nhập 2. Hiển thị "The specified email already exists"; không tạo tài khoản mới | E47: AUTH_REG_Success_01 | F47: Passed
A48: AUTH_REG_Password_01 | B48: Kiểm tra mật khẩu 5 ký tự (dưới giới hạn tối thiểu) | C48: Pre-condition: + Chưa đăng nhập, đang ở trang Register + Dùng email chưa đăng ký (mỗi lần test dùng email mới, ví dụ phuoc.test01@example.com) + Dữ liệu hợp lệ: First name "Phuoc", Last name "Le", Password và Confirm password "Test@123456" Step: 1. Nhập Password và Confirm password "Ab123" (5 ký tự), các trường còn lại hợp lệ 2. Click [REGISTER] | D48: 1. Hai ô mật khẩu hiển thị dạng dấu chấm 2. Hiển thị "Password must meet the following rules: must have at least 6 characters and not greater than 64 characters"; không tạo tài khoản | F48: Passed
A49: AUTH_REG_Password_02 | B49: Kiểm tra mật khẩu đúng 6 ký tự (giá trị biên dưới) | C49: Pre-condition: + Chưa đăng nhập, đang ở trang Register + Dùng email chưa đăng ký (mỗi lần test dùng email mới, ví dụ phuoc.test01@example.com) + Dữ liệu hợp lệ: First name "Phuoc", Last name "Le", Password và Confirm password "Test@123456" Step: 1. Nhập Password và Confirm password "Ab1234" (6 ký tự), các trường còn lại hợp lệ 2. Click [REGISTER] | D49: 1. Hai ô mật khẩu hiển thị dạng dấu chấm 2. Đăng ký thành công | F49: Passed
A50: AUTH_REG_Password_03 | B50: Kiểm tra mật khẩu đúng 64 ký tự (giá trị biên trên) | C50: Pre-condition: + Chưa đăng nhập, đang ở trang Register + Dùng email chưa đăng ký (mỗi lần test dùng email mới, ví dụ phuoc.test01@example.com) + Dữ liệu hợp lệ: First name "Phuoc", Last name "Le", Password và Confirm password "Test@123456" Step: 1. Nhập Password và Confirm password "Ab1" + 61 ký tự "a" (tổng 64 ký tự), các trường còn lại hợp lệ 2. Click [REGISTER] | D50: 1. Hai ô mật khẩu hiển thị dạng dấu chấm 2. Đăng ký thành công | F50: Failed
A51: AUTH_REG_Password_04 | B51: Kiểm tra mật khẩu 65 ký tự (vượt giới hạn tối đa) | C51: Pre-condition: + Chưa đăng nhập, đang ở trang Register + Dùng email chưa đăng ký (mỗi lần test dùng email mới, ví dụ phuoc.test01@example.com) + Dữ liệu hợp lệ: First name "Phuoc", Last name "Le", Password và Confirm password "Test@123456" Step: 1. Nhập Password và Confirm password "Ab1" + 62 ký tự "a" (tổng 65 ký tự), các trường còn lại hợp lệ 2. Click [REGISTER] | D51: 1. Hai ô mật khẩu hiển thị dạng dấu chấm 2. Hiển thị "Password must meet the following rules: must have at least 6 characters and not greater than 64 characters"; không tạo tài khoản | F51: Failed
A52: AUTH_REG_Password_05 | B52: Kiểm tra Confirm password khác hoàn toàn Password | C52: Pre-condition: + Chưa đăng nhập, đang ở trang Register + Dùng email chưa đăng ký (mỗi lần test dùng email mới, ví dụ phuoc.test01@example.com) + Dữ liệu hợp lệ: First name "Phuoc", Last name "Le", Password và Confirm password "Test@123456" Step: 1. Nhập Password "Test@123456", Confirm password "Khac@654321", các trường còn lại hợp lệ 2. Click [REGISTER] | D52: 1. Các ô hiển thị đúng dữ liệu đã nhập 2. Hiển thị "The password and confirmation password do not match."; không tạo tài khoản | F52: Passed
A53: AUTH_REG_Password_06 | B53: Kiểm tra Confirm password chỉ khác chữ hoa / thường | C53: Pre-condition: + Chưa đăng nhập, đang ở trang Register + Dùng email chưa đăng ký (mỗi lần test dùng email mới, ví dụ phuoc.test01@example.com) + Dữ liệu hợp lệ: First name "Phuoc", Last name "Le", Password và Confirm password "Test@123456" Step: 1. Nhập Password "Test@123456", Confirm password "test@123456", các trường còn lại hợp lệ 2. Click [REGISTER] | D53: 1. Các ô hiển thị đúng dữ liệu đã nhập 2. Hiển thị "The password and confirmation password do not match." (mật khẩu phân biệt hoa thường); không tạo tài khoản | F53: Passed
A54: AUTH_REG_Password_07 | B54: Kiểm tra mật khẩu chỉ gồm chữ số (không yêu cầu độ mạnh) | C54: Pre-condition: + Chưa đăng nhập, đang ở trang Register + Dùng email chưa đăng ký (mỗi lần test dùng email mới, ví dụ phuoc.test01@example.com) + Dữ liệu hợp lệ: First name "Phuoc", Last name "Le", Password và Confirm password "Test@123456" Step: 1. Nhập Password và Confirm password "123456", các trường còn lại hợp lệ 2. Click [REGISTER] | D54: 1. Hai ô mật khẩu hiển thị dạng dấu chấm 2. Đăng ký thành công | F54: Failed | H54: Form chỉ nêu quy tắc độ dài 6 - 64 ký tự; nếu demo báo lỗi về độ mạnh mật khẩu thì ghi nhận Fail
A55: AUTH_REG_Field_01 | B55: Kiểm tra First name và Last name chỉ có 1 ký tự (giá trị biên dưới) | C55: Pre-condition: + Chưa đăng nhập, đang ở trang Register + Dùng email chưa đăng ký (mỗi lần test dùng email mới, ví dụ phuoc.test01@example.com) + Dữ liệu hợp lệ: First name "Phuoc", Last name "Le", Password và Confirm password "Test@123456" Step: 1. Nhập First name "A", Last name "B", các trường còn lại hợp lệ 2. Click [REGISTER] | D55: 1. Các ô hiển thị đúng dữ liệu đã nhập 2. Đăng ký thành công | F55: Passed
A56: AUTH_REG_Field_02 | B56: Kiểm tra họ tên chứa chữ số và ký tự đặc biệt | C56: Pre-condition: + Chưa đăng nhập, đang ở trang Register + Dùng email chưa đăng ký (mỗi lần test dùng email mới, ví dụ phuoc.test01@example.com) + Dữ liệu hợp lệ: First name "Phuoc", Last name "Le", Password và Confirm password "Test@123456" Step: 1. Nhập First name "Phuoc123", Last name "Le_@#", các trường còn lại hợp lệ 2. Click [REGISTER] 3. Click [My account] > [Customer info] | D56: 1. Các ô hiển thị đúng dữ liệu đã nhập 2. Đăng ký thành công 3. Họ tên hiển thị đúng "Phuoc123" và "Le_@#" | F56: Failed | H56: nopCommerce mặc định không kiểm tra ký tự của họ tên; nếu demo chặn thì ghi nhận Fail
A57: AUTH_REG_Field_03 | B57: Kiểm tra Company name chứa ký tự đặc biệt | C57: Pre-condition: + Chưa đăng nhập, đang ở trang Register + Dùng email chưa đăng ký (mỗi lần test dùng email mới, ví dụ phuoc.test01@example.com) + Dữ liệu hợp lệ: First name "Phuoc", Last name "Le", Password và Confirm password "Test@123456" Step: 1. Nhập Company name "A&B <Co.> 'Ltd'", các trường còn lại hợp lệ 2. Click [REGISTER] 3. Click [My account] > [Customer info] | D57: 1. Các ô hiển thị đúng dữ liệu đã nhập 2. Đăng ký thành công 3. Company name hiển thị đúng dạng văn bản, không bị hiểu thành HTML | F57: Failed
A58: AUTH_REG_News_01 | B58: Kiểm tra đăng ký tích Newsletter hiển thị trong trang admin | C58: Pre-condition: + Chưa đăng nhập, đang ở trang Register + Dùng email chưa đăng ký (mỗi lần test dùng email mới, ví dụ phuoc.test01@example.com) + Dữ liệu hợp lệ: First name "Phuoc", Last name "Le", Password và Confirm password "Test@123456" + Có tài khoản admin demo (https://admin-demo.nopcommerce.com/admin/) Step: 1. Nhập dữ liệu hợp lệ, giữ Newsletter được tích sẵn, click [REGISTER] 2. Admin mở [Promotions] > [Newsletter subscribers], tìm email vừa đăng ký | D58: 1. Hiển thị "Your registration completed" 2. Email xuất hiện trong danh sách subscriber | F58: Failed
A59: AUTH_REG_News_02 | B59: Kiểm tra đăng ký bỏ tích Newsletter thì không có trong danh sách subscriber | C59: Pre-condition: + Chưa đăng nhập, đang ở trang Register + Dùng email chưa đăng ký (mỗi lần test dùng email mới, ví dụ phuoc.test01@example.com) + Dữ liệu hợp lệ: First name "Phuoc", Last name "Le", Password và Confirm password "Test@123456" + Có tài khoản admin demo (https://admin-demo.nopcommerce.com/admin/) Step: 1. Nhập dữ liệu hợp lệ, bỏ tích Newsletter, click [REGISTER] 2. Admin mở [Promotions] > [Newsletter subscribers], tìm email vừa đăng ký | D59: 1. Hiển thị "Your registration completed" 2. Email không xuất hiện trong danh sách subscriber | F59: Failed
A60: AUTH_REG_News_03 | B60: Kiểm tra bật rồi tắt Newsletter sau khi đăng ký | C60: Pre-condition: + Chưa đăng nhập, đang ở trang Register + Dùng email chưa đăng ký (mỗi lần test dùng email mới, ví dụ phuoc.test01@example.com) + Dữ liệu hợp lệ: First name "Phuoc", Last name "Le", Password và Confirm password "Test@123456" + Có tài khoản admin demo (https://admin-demo.nopcommerce.com/admin/) Step: 1. Đăng ký thành công với Newsletter bỏ tích 2. Vào [My account] > [Customer info], tích [Newsletter], click [Save] 3. Admin kiểm tra [Promotions] > [Newsletter subscribers] 4. Vào [Customer info], bỏ tích [Newsletter], click [Save] 5. Admin kiểm tra lại [Newsletter subscribers] | D60: 1. Đăng ký thành công 2. Lưu thành công 3. Email xuất hiện trong danh sách subscriber 4. Lưu thành công 5. Email không còn ở trạng thái Active trong danh sách subscriber | F60: Failed
A61: AUTH_REG_News_04 | B61: Kiểm tra email đã đăng ký newsletter ở footer rồi đăng ký tài khoản cùng email | C61: Pre-condition: + Chưa đăng nhập + Dùng email chưa đăng ký (mỗi lần test dùng email mới, ví dụ phuoc.test01@example.com) + Dữ liệu hợp lệ: First name "Phuoc", Last name "Le", Password và Confirm password "Test@123456" + Có tài khoản admin demo (https://admin-demo.nopcommerce.com/admin/) Step: 1. Ở footer trang chủ, nhập email mới vào ô Newsletter, click [Subscribe] 2. Mở trang Register, đăng ký tài khoản bằng đúng email đó, giữ Newsletter được tích 3. Admin kiểm tra [Promotions] > [Newsletter subscribers] | D61: 1. Hiển thị thông báo đăng ký newsletter thành công 2. Đăng ký tài khoản thành công 3. Chỉ có 1 bản ghi subscriber cho email đó, không trùng lặp | F61: Failed
A62: AUTH_REG_Security_01 | B62: Kiểm tra mã script ở First name không bị thực thi | C62: Pre-condition: + Chưa đăng nhập, đang ở trang Register + Dùng email chưa đăng ký (mỗi lần test dùng email mới, ví dụ phuoc.test01@example.com) + Dữ liệu hợp lệ: First name "Phuoc", Last name "Le", Password và Confirm password "Test@123456" Step: 1. Nhập First name "<script>alert(1)</script>", các trường còn lại hợp lệ 2. Click [REGISTER] 3. Quan sát các nơi hiển thị tên (nếu đăng ký thành công thì mở [Customer info]) | D62: 1. Các ô hiển thị đúng dữ liệu đã nhập 2. Không xuất hiện hộp thoại alert 3. Họ tên (nếu được lưu) hiển thị dưới dạng văn bản, script không bị thực thi | F62: Failed
A63: AUTH_REG_Security_02 | B63: Kiểm tra SQL injection ở họ tên | C63: Pre-condition: + Chưa đăng nhập, đang ở trang Register + Dùng email chưa đăng ký (mỗi lần test dùng email mới, ví dụ phuoc.test01@example.com) + Dữ liệu hợp lệ: First name "Phuoc", Last name "Le", Password và Confirm password "Test@123456" Step: 1. Nhập First name "' OR 1=1 --", Last name "'; DROP TABLE Customer; --", các trường còn lại hợp lệ 2. Click [REGISTER] 3. Click [My account] > [Customer info] | D63: 1. Các ô hiển thị đúng dữ liệu đã nhập 2. Đăng ký thành công; không báo lỗi hệ thống, không lộ thông tin kỹ thuật 3. Họ tên hiển thị đúng như đã nhập (dạng văn bản) | F63: Passed
A64: AUTH_REG_Security_03 | B64: Kiểm tra nhấn [REGISTER] nhiều lần liên tiếp | C64: Pre-condition: + Chưa đăng nhập, đang ở trang Register + Dùng email chưa đăng ký (mỗi lần test dùng email mới, ví dụ phuoc.test01@example.com) + Dữ liệu hợp lệ: First name "Phuoc", Last name "Le", Password và Confirm password "Test@123456" Step: 1. Nhập dữ liệu hợp lệ vào form 2. Click [REGISTER] 3 lần liên tiếp thật nhanh | D64: 1. Các ô hiển thị đúng dữ liệu đã nhập 2. Chỉ tạo 1 tài khoản; không báo lỗi hệ thống | F64: Failed
A65: AUTH_REG_Security_04 | B65: Kiểm tra tải lại trang (F5) sau khi đăng ký thành công | C65: Pre-condition: + Chưa đăng nhập, đang ở trang Register + Dùng email chưa đăng ký (mỗi lần test dùng email mới, ví dụ phuoc.test01@example.com) + Dữ liệu hợp lệ: First name "Phuoc", Last name "Le", Password và Confirm password "Test@123456" Step: 1. Đăng ký thành công, đang ở màn hình "Your registration completed" 2. Nhấn F5 và chọn gửi lại dữ liệu | D65: 1. Hiển thị "Your registration completed" 2. Không tạo thêm tài khoản; không báo lỗi hệ thống | F65: Passed
A66: AUTH_REG_Security_05 | B66: Kiểm tra nút Back của trình duyệt sau khi đăng ký thành công | C66: Pre-condition: + Chưa đăng nhập, đang ở trang Register + Dùng email chưa đăng ký (mỗi lần test dùng email mới, ví dụ phuoc.test01@example.com) + Dữ liệu hợp lệ: First name "Phuoc", Last name "Le", Password và Confirm password "Test@123456" Step: 1. Đăng ký thành công, click [Continue] 2. Nhấn nút Back của trình duyệt | D66: 1. Về trang chủ, đã ở trạng thái đăng nhập 2. Không tạo thêm tài khoản; các ô Password và Confirm password không chứa mật khẩu đã nhập | F66: Passed
A67: AUTH_REG_Security_06 | B67: Kiểm tra email và mật khẩu không xuất hiện trên URL | C67: Pre-condition: + Chưa đăng nhập, đang ở trang Register + Dùng email chưa đăng ký (mỗi lần test dùng email mới, ví dụ phuoc.test01@example.com) + Dữ liệu hợp lệ: First name "Phuoc", Last name "Le", Password và Confirm password "Test@123456" Step: 1. Nhập dữ liệu hợp lệ, click [REGISTER] 2. Quan sát thanh địa chỉ | D67: 1. Đăng ký thành công 2. URL không chứa email hoặc mật khẩu (dữ liệu gửi bằng POST) | F67: Passed
A68: AUTH_REG_Security_07 | B68: Kiểm tra trang đăng ký dùng kết nối HTTPS | C68: 1. Mở trang Register 2. Quan sát biểu tượng ổ khóa trên thanh địa chỉ | D68: 1. Hiển thị trang Register 2. Trang dùng HTTPS, chứng chỉ hợp lệ, không có cảnh báo nội dung hỗn hợp | F68: Passed
... A89: AUTH_LOGIN_Forgot_01 | B89: Kiểm tra liên kết [Forgot password?] | C89: 1. Click [Forgot password?] ở trang đăng nhập 2. Nhập Email đã đăng ký, click [Recover] 3. Nhập Email chưa đăng ký, click [Recover] | D89: 1. Hiển thị trang Password recovery 2. Hiển thị thông báo đã gửi hướng dẫn khôi phục qua email 3. Hiển thị thông báo email không tồn tại | F89: Passed
A90: AUTH_LOGIN_Logout_01 | B90: Kiểm tra đăng xuất | C90: 1. Đăng nhập thành công 2. Click [Log out] 3. Click nút Back của trình duyệt | D90: 1. Đăng nhập thành công 2. Đăng xuất, quay về trang chủ; header hiển thị lại [Register], [Log in] 3. Không vào lại được các trang tài khoản như [My account] mà không đăng nhập | E90: AUTH_LOGIN_Success_01 | F90: Passed
A91: AUTH_LOGIN_Logout_02 | B91: Kiểm tra truy cập trang tài khoản khi chưa đăng nhập | C91: 1. Chưa đăng nhập, mở trực tiếp URL /customer/info | D91: 1. Chuyển về trang đăng nhập hoặc báo cần đăng nhập | F91: Passed

Sheet Admin - Promotions - Discounts
A2: Module Code | B2: Admin - Promotions - Discounts | J2: Passed
A3: Test requirement | B3: Khuyến mãi (Promotions) - Discounts: danh sách discount trên trang admin | J3: Failed
A4: Tester | B4: Lê Hữu Phước | J4: Blocked
A5: Passed | B5: Failed | C5: Untested | D5: Blocked | E5: Skipped | F5: Number of Test cases | J5: Untested
A6: =COUNTIF(F9:F996,"Passed") -> 38 | B6: =COUNTIF(F9:F996,"Failed") -> 10 | C6: =F6-E6-D6-B6-A6 -> 0 | D6: =COUNTIF(F$9:F$996,"Blocked") -> 0 | E6: =COUNTIF(F$9:F$996,"Skipped") -> 0 | F6: =COUNTA(A9:A996) -> 48 | J6: Skipped
A8: ID | B8: Test Case Description | C8: Test Case Procedure | D8: Expected Output | E8: Inter-test case Dependence | F8: Result | G8: Test date | H8: Note
A9: PROMO_DIS_View_01 | B9: Kiểm tra mở trang Discounts từ menu Promotions | C9: Pre-condition: + Đã đăng nhập trang admin demo (https://admin-demo.nopcommerce.com/admin/) + Đang ở trang Dashboard Step: 1. Click menu [Promotions] ở thanh bên trái 2. Click [Discounts] | D9: 1. Menu Promotions mở rộng, gồm Discounts, Affiliates, Newsletter subscribers, Subscription types, Campaigns 2. Hiển thị trang Discounts (URL /Admin/Discount/List), mục Discounts được làm nổi bật trong menu, tiêu đề trang là "Discounts" | F9: Passed
A10: PROMO_DIS_View_02 | B10: Kiểm tra truy cập trực tiếp bằng URL /Admin/Discount/List | C10: Pre-condition: + Đã đăng nhập trang admin demo (https://admin-demo.nopcommerce.com/admin/) Step: 1. Nhập URL https://admin-demo.nopcommerce.com/Admin/Discount/List vào thanh địa chỉ 2. Quan sát header và menu bên trái | D10: 1. Hiển thị trang Discounts 2. Header có tên tài khoản và [Logout]; menu Promotions mở sẵn và mục Discounts được chọn | F10: Passed
A11: PROMO_DIS_View_03 | B11: Kiểm tra thông báo cảnh báo ở đầu trang | C11: Pre-condition: + Đã đăng nhập trang admin demo (https://admin-demo.nopcommerce.com/admin/) + Đang ở trang Promotions > Discounts, chưa nhập tiêu chí tìm kiếm Step: 1. Quan sát thanh thông báo màu vàng phía trên tiêu đề 2. Click dấu x ở góc phải thanh thông báo | D11: 1. Hiển thị nội dung "In order to use this functionality, you have to disable the following setting: Configuration > Catalog settings > Ignore discounts (sitewide)." 2. Thông báo được đóng, các phần còn lại của trang giữ nguyên | F11: Passed | H11: Thông báo chỉ hiển thị khi cấu hình Ignore discounts (sitewide) đang bật; ghi nhận hành vi thực tế sau khi tải lại trang
A12: PROMO_DIS_View_04 | B12: Kiểm tra các trường và nút trong khối Search | C12: Pre-condition: + Đã đăng nhập trang admin demo (https://admin-demo.nopcommerce.com/admin/) + Đang ở trang Promotions > Discounts, chưa nhập tiêu chí tìm kiếm Step: 1. Quan sát khối Search | D12: 1. Khối Search có các trường Start date, End date, Discount type, Vendor, Coupon code, Discount name, Is active và nút [Search]; mỗi nhãn có biểu tượng (?) | F12: Passed
A13: PROMO_DIS_View_05 | B13: Kiểm tra giá trị mặc định của khối Search | C13: Pre-condition: + Đã đăng nhập trang admin demo (https://admin-demo.nopcommerce.com/admin/) + Đang ở trang Promotions > Discounts, chưa nhập tiêu chí tìm kiếm Step: 1. Mở trang Discounts mới (chưa nhập gì) 2. Quan sát giá trị mặc định của từng trường | D13: 1. Hiển thị trang Discounts 2. Start date, End date hiển thị placeholder định dạng ngày; Coupon code, Discount name để trống; Discount type, Vendor, Is active đều là "All" | F13: Passed
A14: PROMO_DIS_View_06 | B14: Kiểm tra tooltip (?) của các trường tìm kiếm | C14: Pre-condition: + Đã đăng nhập trang admin demo (https://admin-demo.nopcommerce.com/admin/) + Đang ở trang Promotions > Discounts, chưa nhập tiêu chí tìm kiếm Step: 1. Rê chuột vào biểu tượng (?) cạnh từng nhãn trong khối Search | D14: 1. Mỗi biểu tượng hiển thị mô tả ngắn của trường, nội dung không bị cắt hoặc che khuất | F14: Passed
A15: PROMO_DIS_View_07 | B15: Kiểm tra thu gọn / mở rộng khối Search | C15: Pre-condition: + Đã đăng nhập trang admin demo (https://admin-demo.nopcommerce.com/admin/) + Đang ở trang Promotions > Discounts, chưa nhập tiêu chí tìm kiếm Step: 1. Nhập "sample" vào Discount name 2. Click mũi tên ở góc phải tiêu đề khối Search 3. Click mũi tên lần nữa | D15: 1. Discount name hiển thị "sample" 2. Khối Search được thu gọn, bảng kết quả vẫn hiển thị 3. Khối Search mở rộng lại, giá trị "sample" vẫn còn trong ô Discount name | F15: Passed
A16: PROMO_DIS_View_08 | B16: Kiểm tra các cột của bảng danh sách | C16: Pre-condition: + Đã đăng nhập trang admin demo (https://admin-demo.nopcommerce.com/admin/) + Đang ở trang Promotions > Discounts, chưa nhập tiêu chí tìm kiếm Step: 1. Quan sát bảng danh sách discount | D16: 1. Bảng có các cột Name, Discount type, Discount, Start date, End date, Times used, Is active, Edit; phía trên bảng có liên kết "Learn more about discounts" | F16: Passed
A17: PROMO_DIS_View_09 | B17: Kiểm tra dữ liệu mặc định trong bảng | C17: Pre-condition: + Đã đăng nhập trang admin demo (https://admin-demo.nopcommerce.com/admin/) + Đang ở trang Promotions > Discounts, chưa nhập tiêu chí tìm kiếm Step: 1. Quan sát các dòng trong bảng và thông tin phân trang | D17: 1. Hiển thị 2 dòng: "'20% order total' discount" (Assigned to order total, 20%, 11/04/2020 10:32:26 AM, 11/04/2030 10:32:26 AM, Times used 0, Is active có dấu ✓) và "Sample discount with coupon code" (Assigned to products, 10 USD, cùng Start date / End date, Times used 0, Is active có dấu ✓); thông tin phân trang "1-2 of 2 items" | F17: Passed | H17: Dữ liệu demo dùng chung, có thể bị reset hoặc bị người khác thêm/sửa; đối chiếu theo dữ liệu thực tế khi chạy
A18: PROMO_DIS_View_10 | B18: Kiểm tra định dạng cột Discount (phần trăm và số tiền) | C18: Pre-condition: + Đã đăng nhập trang admin demo (https://admin-demo.nopcommerce.com/admin/) + Đang ở trang Promotions > Discounts, chưa nhập tiêu chí tìm kiếm Step: 1. Quan sát giá trị cột Discount của 2 dòng | D18: 1. Discount dạng phần trăm hiển thị "20%"; discount dạng số tiền hiển thị kèm loại tiền "10 USD" | F18: Passed | H18: Dữ liệu demo dùng chung, có thể bị reset hoặc bị người khác thêm/sửa; đối chiếu theo dữ liệu thực tế khi chạy
A19: PROMO_DIS_View_11 | B19: Kiểm tra layout trang trên desktop và mobile | C19: Pre-condition: + Đã đăng nhập trang admin demo (https://admin-demo.nopcommerce.com/admin/) + Đang ở trang Promotions > Discounts, chưa nhập tiêu chí tìm kiếm Step: 1. Xem trang trên desktop 2. Thu nhỏ trình duyệt về kích thước mobile | D19: 1. Bố cục đúng, khối Search và bảng thẳng hàng, nút [Add new] hiển thị ở góc phải 2. Trang co giãn đúng, không vỡ giao diện; nút [Search], [Add new], [Edit] vẫn thao tác được | F19: Passed
A20: PROMO_DIS_Search_01 | B20: Kiểm tra tìm theo Discount name đầy đủ | C20: Pre-condition: + Đã đăng nhập trang admin demo (https://admin-demo.nopcommerce.com/admin/) + Đang ở trang Promotions > Discounts, chưa nhập tiêu chí tìm kiếm Step: 1. Nhập "'20% order total' discount" vào Discount name 2. Click [Search] | D20: 1. Dữ liệu được nhập đúng 2. Bảng chỉ còn 1 dòng "'20% order total' discount"; thông tin phân trang "1-1 of 1 items" | F20: Passed | H20: Dữ liệu demo dùng chung, có thể bị reset hoặc bị người khác thêm/sửa; đối chiếu theo dữ liệu thực tế khi chạy
A21: PROMO_DIS_Search_02 | B21: Kiểm tra tìm theo một phần Discount name | C21: Pre-condition: + Đã đăng nhập trang admin demo (https://admin-demo.nopcommerce.com/admin/) + Đang ở trang Promotions > Discounts, chưa nhập tiêu chí tìm kiếm Step: 1. Nhập "sample" (chữ thường) vào Discount name 2. Click [Search] | D21: 1. Dữ liệu được nhập đúng 2. Bảng chỉ còn 1 dòng "Sample discount with coupon code" (tìm theo chuỗi con, không phân biệt hoa thường) | F21: Passed | H21: Dữ liệu demo dùng chung, có thể bị reset hoặc bị người khác thêm/sửa; đối chiếu theo dữ liệu thực tế khi chạy; ghi nhận hành vi thực tế về phân biệt hoa thường
A22: PROMO_DIS_Search_03 | B22: Kiểm tra tìm Discount name không tồn tại | C22: Pre-condition: + Đã đăng nhập trang admin demo (https://admin-demo.nopcommerce.com/admin/) + Đang ở trang Promotions > Discounts, chưa nhập tiêu chí tìm kiếm Step: 1. Nhập "zzz_khong_ton_tai" vào Discount name 2. Click [Search] | D22: 1. Dữ liệu được nhập đúng 2. Bảng không có dòng dữ liệu, hiển thị thông báo không có dữ liệu; không báo lỗi hệ thống | F22: Passed | H22: Ghi nhận nội dung thông báo thực tế khi bảng rỗng
A23: PROMO_DIS_Search_04 | B23: Kiểm tra tìm theo Coupon code | C23: Pre-condition: + Đã đăng nhập trang admin demo (https://admin-demo.nopcommerce.com/admin/) + Đang ở trang Promotions > Discounts, chưa nhập tiêu chí tìm kiếm Step: 1. Click [Edit] ở dòng "Sample discount with coupon code", ghi lại giá trị Coupon code (không sửa gì), quay lại danh sách Discounts 2. Nhập Coupon code vừa ghi lại vào ô Coupon code 3. Click [Search] | D23: 1. Lấy được Coupon code, quay lại trang Discounts 2. Dữ liệu được nhập đúng 3. Bảng chỉ còn 1 dòng "Sample discount with coupon code" | F23: Passed | H23: Dữ liệu demo dùng chung, có thể bị reset hoặc bị người khác thêm/sửa; đối chiếu theo dữ liệu thực tế khi chạy
A24: PROMO_DIS_Search_05 | B24: Kiểm tra tìm Coupon code không tồn tại | C24: Pre-condition: + Đã đăng nhập trang admin demo (https://admin-demo.nopcommerce.com/admin/) + Đang ở trang Promotions > Discounts, chưa nhập tiêu chí tìm kiếm Step: 1. Nhập "NOTEXIST999" vào Coupon code 2. Click [Search] | D24: 1. Dữ liệu được nhập đúng 2. Bảng không có dòng dữ liệu, hiển thị thông báo không có dữ liệu; không báo lỗi hệ thống | F24: Passed
A25: PROMO_DIS_Search_06 | B25: Kiểm tra danh sách giá trị của Discount type | C25: Pre-condition: + Đã đăng nhập trang admin demo (https://admin-demo.nopcommerce.com/admin/) + Đang ở trang Promotions > Discounts, chưa nhập tiêu chí tìm kiếm Step: 1. Click ô chọn Discount type | D25: 1. Danh sách gồm "All" và các loại giảm giá như Assigned to order total, Assigned to products, Assigned to categories, Assigned to manufacturers, Assigned to order subtotal, Assigned to shipping | F25: Passed | H25: Đối chiếu danh sách thực tế với nopCommerce 4.90.4
A26: PROMO_DIS_Search_07 | B26: Kiểm tra lọc Discount type = Assigned to order total | C26: Pre-condition: + Đã đăng nhập trang admin demo (https://admin-demo.nopcommerce.com/admin/) + Đang ở trang Promotions > Discounts, chưa nhập tiêu chí tìm kiếm Step: 1. Chọn Discount type "Assigned to order total" 2. Click [Search] | D26: 1. Discount type hiển thị "Assigned to order total" 2. Bảng chỉ còn dòng "'20% order total' discount" | F26: Passed | H26: Dữ liệu demo dùng chung, có thể bị reset hoặc bị người khác thêm/sửa; đối chiếu theo dữ liệu thực tế khi chạy
A27: PROMO_DIS_Search_08 | B27: Kiểm tra lọc Discount type = Assigned to products | C27: Pre-condition: + Đã đăng nhập trang admin demo (https://admin-demo.nopcommerce.com/admin/) + Đang ở trang Promotions > Discounts, chưa nhập tiêu chí tìm kiếm Step: 1. Chọn Discount type "Assigned to products" 2. Click [Search] | D27: 1. Discount type hiển thị "Assigned to products" 2. Bảng chỉ còn dòng "Sample discount with coupon code" | F27: Failed | H27: Dữ liệu demo dùng chung, có thể bị reset hoặc bị người khác thêm/sửa; đối chiếu theo dữ liệu thực tế khi chạy
A28: PROMO_DIS_Search_09 | B28: Kiểm tra lọc Is active = Active only | C28: Pre-condition: + Đã đăng nhập trang admin demo (https://admin-demo.nopcommerce.com/admin/) + Đang ở trang Promotions > Discounts, chưa nhập tiêu chí tìm kiếm Step: 1. Click ô chọn Is active, quan sát danh sách giá trị 2. Chọn "Active only", click [Search] | D28: 1. Danh sách gồm "All", "Active only", "Inactive only" 2. Bảng chỉ hiển thị các discount đang active (cả 2 dòng mặc định đều có dấu ✓) | F28: Failed | H28: Dữ liệu demo dùng chung, có thể bị reset hoặc bị người khác thêm/sửa; đối chiếu theo dữ liệu thực tế khi chạy
A29: PROMO_DIS_Search_10 | B29: Kiểm tra lọc Is active = Inactive only | C29: Pre-condition: + Đã đăng nhập trang admin demo (https://admin-demo.nopcommerce.com/admin/) + Đang ở trang Promotions > Discounts, chưa nhập tiêu chí tìm kiếm Step: 1. Chọn Is active "Inactive only" 2. Click [Search] | D29: 1. Is active hiển thị "Inactive only" 2. Bảng không có dòng nào (2 discount mặc định đều đang active); không báo lỗi hệ thống | F29: Failed | H29: Dữ liệu demo dùng chung, có thể bị reset hoặc bị người khác thêm/sửa; đối chiếu theo dữ liệu thực tế khi chạy
A30: PROMO_DIS_Search_11 | B30: Kiểm tra lọc theo Start date | C30: Pre-condition: + Đã đăng nhập trang admin demo (https://admin-demo.nopcommerce.com/admin/) + Đang ở trang Promotions > Discounts, chưa nhập tiêu chí tìm kiếm Step: 1. Nhập Start date 01/01/2019, click [Search] 2. Đổi Start date thành 01/01/2025, click [Search] | D30: 1. Bảng hiển thị cả 2 discount (đều bắt đầu năm 2020, sau mốc đã chọn) 2. Bảng không có dòng nào vì cả 2 discount bắt đầu trước mốc đã chọn | F30: Passed | H30: Dữ liệu demo dùng chung, có thể bị reset hoặc bị người khác thêm/sửa; đối chiếu theo dữ liệu thực tế khi chạy; chọn mốc cách xa ngày bắt đầu để tránh nhầm định dạng ngày/tháng
A31: PROMO_DIS_Search_12 | B31: Kiểm tra lọc theo End date | C31: Pre-condition: + Đã đăng nhập trang admin demo (https://admin-demo.nopcommerce.com/admin/) + Đang ở trang Promotions > Discounts, chưa nhập tiêu chí tìm kiếm Step: 1. Nhập End date 31/12/2035, click [Search] 2. Đổi End date thành 01/01/2025, click [Search] | D31: 1. Bảng hiển thị cả 2 discount (đều kết thúc năm 2030, trước mốc đã chọn) 2. Bảng không có dòng nào vì cả 2 discount kết thúc sau mốc đã chọn | F31: Passed | H31: Dữ liệu demo dùng chung, có thể bị reset hoặc bị người khác thêm/sửa; đối chiếu theo dữ liệu thực tế khi chạy; chọn mốc cách xa ngày kết thúc để tránh nhầm định dạng ngày/tháng
A32: PROMO_DIS_Search_13 | B32: Kiểm tra lọc đồng thời Start date và End date | C32: Pre-condition: + Đã đăng nhập trang admin demo (https://admin-demo.nopcommerce.com/admin/) + Đang ở trang Promotions > Discounts, chưa nhập tiêu chí tìm kiếm Step: 1. Nhập Start date 01/01/2019 và End date 31/12/2035 2. Click [Search] | D32: 1. Dữ liệu được nhập đúng 2. Bảng hiển thị cả 2 discount nằm trong khoảng thời gian đã chọn | F32: Passed | H32: Dữ liệu demo dùng chung, có thể bị reset hoặc bị người khác thêm/sửa; đối chiếu theo dữ liệu thực tế khi chạy
A33: PROMO_DIS_Search_14 | B33: Kiểm tra Start date lớn hơn End date | C33: Pre-condition: + Đã đăng nhập trang admin demo (https://admin-demo.nopcommerce.com/admin/) + Đang ở trang Promotions > Discounts, chưa nhập tiêu chí tìm kiếm Step: 1. Nhập Start date 01/01/2035 và End date 01/01/2019 2. Click [Search] | D33: 1. Dữ liệu được nhập đúng 2. Bảng không có dòng nào; không báo lỗi hệ thống | F33: Passed | H33: Ghi nhận hành vi thực tế (có thể có thông báo lỗi hoặc chỉ trả về bảng rỗng)
A34: PROMO_DIS_Search_15 | B34: Kiểm tra bộ lọc Vendor | C34: Pre-condition: + Đã đăng nhập trang admin demo (https://admin-demo.nopcommerce.com/admin/) + Đang ở trang Promotions > Discounts, chưa nhập tiêu chí tìm kiếm Step: 1. Click ô chọn Vendor, quan sát danh sách 2. Chọn một vendor (nếu có), click [Search] | D34: 1. Danh sách gồm "All" và các vendor hiện có 2. Bảng chỉ hiển thị discount thuộc vendor đã chọn, hoặc không có dòng nào nếu vendor đó chưa có discount; không báo lỗi hệ thống | F34: Passed | H34: Dữ liệu demo dùng chung, có thể bị reset hoặc bị người khác thêm/sửa; đối chiếu theo dữ liệu thực tế khi chạy; ghi nhận hành vi thực tế vì demo có thể chỉ có giá trị "All"
A35: PROMO_DIS_Search_16 | B35: Kiểm tra kết hợp nhiều tiêu chí cho kết quả khớp | C35: Pre-condition: + Đã đăng nhập trang admin demo (https://admin-demo.nopcommerce.com/admin/) + Đang ở trang Promotions > Discounts, chưa nhập tiêu chí tìm kiếm Step: 1. Nhập Discount name "discount", chọn Discount type "Assigned to order total", chọn Is active "Active only" 2. Click [Search] | D35: 1. Các tiêu chí hiển thị đúng như đã chọn 2. Bảng chỉ còn dòng "'20% order total' discount" | F35: Failed | H35: Dữ liệu demo dùng chung, có thể bị reset hoặc bị người khác thêm/sửa; đối chiếu theo dữ liệu thực tế khi chạy
A36: PROMO_DIS_Search_17 | B36: Kiểm tra kết hợp nhiều tiêu chí không có kết quả | C36: Pre-condition: + Đã đăng nhập trang admin demo (https://admin-demo.nopcommerce.com/admin/) + Đang ở trang Promotions > Discounts, chưa nhập tiêu chí tìm kiếm Step: 1. Nhập Discount name "20%", chọn Discount type "Assigned to products" 2. Click [Search] | D36: 1. Các tiêu chí hiển thị đúng như đã chọn 2. Bảng không có dòng nào; không báo lỗi hệ thống | F36: Passed | H36: Dữ liệu demo dùng chung, có thể bị reset hoặc bị người khác thêm/sửa; đối chiếu theo dữ liệu thực tế khi chạy
... A45: PROMO_DIS_Page_04 | B45: Kiểm tra nút làm mới bảng (biểu tượng refresh) | C45: Pre-condition: + Đã đăng nhập trang admin demo (https://admin-demo.nopcommerce.com/admin/) + Đang ở trang Promotions > Discounts, chưa nhập tiêu chí tìm kiếm Step: 1. Nhập Discount name "sample", click [Search] 2. Click nút làm mới ở góc phải dưới bảng | D45: 1. Bảng chỉ còn 1 dòng 2. Bảng tải lại, vẫn áp dụng tiêu chí đang nhập (1 dòng); không báo lỗi hệ thống | F45: Passed | H45: Dữ liệu demo dùng chung, có thể bị reset hoặc bị người khác thêm/sửa; đối chiếu theo dữ liệu thực tế khi chạy; ghi nhận bộ lọc có được giữ khi làm mới hay không
A46: PROMO_DIS_Nav_01 | B46: Kiểm tra nút [Add new] | C46: Pre-condition: + Đã đăng nhập trang admin demo (https://admin-demo.nopcommerce.com/admin/) + Đang ở trang Promotions > Discounts, chưa nhập tiêu chí tìm kiếm Step: 1. Click [Add new] ở góc phải trên cùng | D46: 1. Chuyển sang trang thêm discount mới (URL /Admin/Discount/Create); không tạo discount nào | F46: Passed
A47: PROMO_DIS_Nav_02 | B47: Kiểm tra nút [Edit] và quay lại danh sách | C47: Pre-condition: + Đã đăng nhập trang admin demo (https://admin-demo.nopcommerce.com/admin/) + Đang ở trang Promotions > Discounts, chưa nhập tiêu chí tìm kiếm Step: 1. Click [Edit] ở dòng "'20% order total' discount" 2. Click liên kết quay lại danh sách discount (back to discount list) | D47: 1. Mở trang Edit discount, tên discount đúng với dòng đã chọn 2. Quay lại trang Discounts, bảng vẫn hiển thị danh sách discount | F47: Passed | H47: Dữ liệu demo dùng chung, có thể bị reset hoặc bị người khác thêm/sửa; đối chiếu theo dữ liệu thực tế khi chạy
A48: PROMO_DIS_Nav_03 | B48: Kiểm tra chuyển qua lại giữa các mục trong menu Promotions | C48: Pre-condition: + Đã đăng nhập trang admin demo (https://admin-demo.nopcommerce.com/admin/) + Đang ở trang Promotions > Discounts, chưa nhập tiêu chí tìm kiếm Step: 1. Click [Affiliates] trong menu Promotions 2. Click [Discounts] | D48: 1. Hiển thị trang Affiliates 2. Hiển thị lại trang Discounts, mục Discounts được làm nổi bật trong menu | F48: Passed
A49: PROMO_DIS_Nav_04 | B49: Kiểm tra liên kết "Learn more about discounts" | C49: Pre-condition: + Đã đăng nhập trang admin demo (https://admin-demo.nopcommerce.com/admin/) + Đang ở trang Promotions > Discounts, chưa nhập tiêu chí tìm kiếm Step: 1. Click liên kết "discounts" trong dòng "Learn more about discounts" | D49: 1. Mở trang tài liệu nopCommerce về discounts (docs.nopcommerce.com); trang admin vẫn giữ nguyên | F49: Passed | H49: Ghi nhận trang tài liệu mở ở tab mới hay cùng tab
A50: PROMO_DIS_Nav_05 | B50: Kiểm tra tải lại trang (F5) sau khi tìm kiếm | C50: Pre-condition: + Đã đăng nhập trang admin demo (https://admin-demo.nopcommerce.com/admin/) + Đang ở trang Promotions > Discounts, chưa nhập tiêu chí tìm kiếm Step: 1. Nhập Discount name "sample", click [Search] 2. Nhấn F5 | D50: 1. Bảng chỉ còn 1 dòng 2. Trang tải lại, không báo lỗi hệ thống; ghi nhận bộ lọc được giữ hay trở về mặc định | F50: Failed | H50: Ghi nhận hành vi thực tế sau khi tải lại trang
A51: PROMO_DIS_Nav_06 | B51: Kiểm tra nút Back của trình duyệt sau khi mở trang Edit | C51: Pre-condition: + Đã đăng nhập trang admin demo (https://admin-demo.nopcommerce.com/admin/) + Đang ở trang Promotions > Discounts, chưa nhập tiêu chí tìm kiếm Step: 1. Click [Edit] ở dòng "'20% order total' discount" 2. Click nút Back của trình duyệt | D51: 1. Mở trang Edit discount 2. Quay về trang Discounts, vẫn ở trạng thái đăng nhập admin, bảng hiển thị bình thường | F51: Passed
A52: PROMO_DIS_Security_01 | B52: Kiểm tra mã script ở Discount name không bị thực thi | C52: Pre-condition: + Đã đăng nhập trang admin demo (https://admin-demo.nopcommerce.com/admin/) + Đang ở trang Promotions > Discounts, chưa nhập tiêu chí tìm kiếm Step: 1. Nhập <script>alert(1)</script> vào Discount name 2. Click [Search] | D52: 1. Dữ liệu được nhập đúng 2. Không xuất hiện hộp thoại alert, bảng không có dòng nào, không báo lỗi hệ thống | F52: Failed
A53: PROMO_DIS_Security_02 | B53: Kiểm tra SQL injection ở Discount name và Coupon code | C53: Pre-condition: + Đã đăng nhập trang admin demo (https://admin-demo.nopcommerce.com/admin/) + Đang ở trang Promotions > Discounts, chưa nhập tiêu chí tìm kiếm Step: 1. Nhập ' OR 1=1 -- vào Discount name và Coupon code 2. Click [Search] | D53: 1. Dữ liệu được nhập đúng 2. Không báo lỗi hệ thống, không lộ thông tin kỹ thuật; không trả về dữ liệu ngoài phạm vi tìm kiếm | F53: Failed
A54: PROMO_DIS_Security_03 | B54: Kiểm tra Discount name rất dài | C54: Pre-condition: + Đã đăng nhập trang admin demo (https://admin-demo.nopcommerce.com/admin/) + Đang ở trang Promotions > Discounts, chưa nhập tiêu chí tìm kiếm Step: 1. Nhập chuỗi 500 ký tự "a" vào Discount name 2. Click [Search] | D54: 1. Dữ liệu được nhập 2. Bảng không có dòng nào; không báo lỗi hệ thống, giao diện không vỡ | F54: Passed
A55: PROMO_DIS_Security_04 | B55: Kiểm tra truy cập trang Discounts khi chưa đăng nhập admin | C55: Pre-condition: + Đã đăng nhập trang admin demo (https://admin-demo.nopcommerce.com/admin/) + Đang ở trang Promotions > Discounts, chưa nhập tiêu chí tìm kiếm Step: 1. Click [Logout] ở góc phải trên cùng 2. Nhập URL https://admin-demo.nopcommerce.com/Admin/Discount/List vào thanh địa chỉ | D55: 1. Đăng xuất thành công, chuyển về trang đăng nhập admin 2. Không xem được danh sách discount, chuyển về trang đăng nhập admin (URL có ReturnUrl) | F55: Passed | H55: Đăng nhập lại admin demo (thông tin được điền sẵn) sau khi chạy case này
A56: PROMO_DIS_Security_05 | B56: Kiểm tra trang Discounts dùng kết nối HTTPS | C56: Pre-condition: + Đã đăng nhập trang admin demo (https://admin-demo.nopcommerce.com/admin/) + Đang ở trang Promotions > Discounts, chưa nhập tiêu chí tìm kiếm Step: 1. Quan sát biểu tượng ổ khóa trên thanh địa chỉ | D56: 1. Trang dùng HTTPS, chứng chỉ hợp lệ, không có cảnh báo nội dung hỗn hợp | F56: Passed

Sheet Admin - Promotions - Affiliates
A2: Module Code | B2: Admin - Promotions - Affiliates | J2: Passed
A3: Test requirement | B3: Affiliates (Promotions > Affiliates): danh sách affiliate trên trang admin | J3: Failed
A4: Tester | B4: Lê Hữu Phước | J4: Blocked
A5: Passed | B5: Failed | C5: Untested | D5: Blocked | E5: Skipped | F5: Number of Test cases | J5: Untested
A6: =COUNTIF(F9:F996,"Passed") -> 0 | B6: =COUNTIF(F9:F996,"Failed") -> 0 | C6: =F6-E6-D6-B6-A6 -> 42 | D6: =COUNTIF(F$9:F$996,"Blocked") -> 0 | E6: =COUNTIF(F$9:F$996,"Skipped") -> 0 | F6: =COUNTA(A9:A996) -> 42 | J6: Skipped
A8: ID | B8: Test Case Description | C8: Test Case Procedure | D8: Expected Output | E8: Inter-test case Dependence | F8: Result | G8: Test date | H8: Note
A9: PROMO_AFF_View_01 | B9: Kiểm tra mở trang Affiliates từ menu Promotions | C9: Pre-condition: + Đã đăng nhập trang admin demo (https://admin-demo.nopcommerce.com/admin/) + Đang ở trang Dashboard Step: 1. Click menu [Promotions] ở thanh bên trái 2. Click [Affiliates] | D9: 1. Menu Promotions mở rộng, gồm Discounts, Affiliates, Newsletter subscribers, Subscription types, Campaigns 2. Hiển thị trang Affiliates (URL /Admin/Affiliate/List), mục Affiliates được làm nổi bật trong menu, tiêu đề trang là "Affiliates"
A10: PROMO_AFF_View_02 | B10: Kiểm tra truy cập trực tiếp bằng URL /Admin/Affiliate/List | C10: Pre-condition: + Đã đăng nhập trang admin demo (https://admin-demo.nopcommerce.com/admin/) Step: 1. Nhập URL https://admin-demo.nopcommerce.com/Admin/Affiliate/List vào thanh địa chỉ 2. Quan sát header và menu bên trái | D10: 1. Hiển thị trang Affiliates 2. Header có tên tài khoản và [Logout]; menu Promotions mở sẵn và mục Affiliates được chọn
A11: PROMO_AFF_View_03 | B11: Kiểm tra đoạn giới thiệu phía trên bảng danh sách | C11: Pre-condition: + Đã đăng nhập trang admin demo (https://admin-demo.nopcommerce.com/admin/) + Đang ở trang Promotions > Affiliates, chưa nhập tiêu chí tìm kiếm Step: 1. Quan sát phần nội dung phía trên bảng danh sách | D11: 1. Hiển thị đoạn giải thích về affiliate (bắt đầu bằng "Affiliate is an Internet-based marketing practice...") và liên kết "affiliates" ở cuối đoạn; nội dung không bị cắt hoặc chồng lấn
A12: PROMO_AFF_View_04 | B12: Kiểm tra trạng thái mặc định và thu gọn / mở rộng khối Search | C12: Pre-condition: + Đã đăng nhập trang admin demo (https://admin-demo.nopcommerce.com/admin/) + Đang ở trang Promotions > Affiliates, chưa nhập tiêu chí tìm kiếm Step: 1. Quan sát khối Search khi vừa mở trang 2. Click mũi tên ở góc phải tiêu đề khối Search 3. Click mũi tên lần nữa | D12: 1. Khối Search đang thu gọn (chỉ có tiêu đề Search và mũi tên), bảng danh sách hiển thị bên dưới 2. Khối Search mở rộng, hiển thị các trường tìm kiếm và nút [Search] 3. Khối Search thu gọn lại, bảng danh sách vẫn hiển thị | H12: Trong ảnh chụp ban đầu khối Search đang thu gọn; ghi nhận trạng thái mặc định thực tế (trạng thái đóng/mở có thể được trình duyệt nhớ theo lần thao tác trước)
A13: PROMO_AFF_View_05 | B13: Kiểm tra các trường và nút trong khối Search | C13: Pre-condition: + Đã đăng nhập trang admin demo (https://admin-demo.nopcommerce.com/admin/) + Đang ở trang Promotions > Affiliates, chưa nhập tiêu chí tìm kiếm Step: 1. Click mũi tên để mở rộng khối Search nếu đang thu gọn 2. Quan sát các trường và nút trong khối Search | D13: 1. Khối Search mở rộng 2. Khối Search có các ô nhập First name, Last name, Friendly URL name, ô tích Load only with orders và nút [Search]; mỗi nhãn có biểu tượng (?)
A14: PROMO_AFF_View_06 | B14: Kiểm tra giá trị mặc định của khối Search | C14: Pre-condition: + Đã đăng nhập trang admin demo (https://admin-demo.nopcommerce.com/admin/) + Đang ở trang Promotions > Affiliates, chưa nhập tiêu chí tìm kiếm Step: 1. Mở trang Affiliates mới (chưa nhập gì) 2. Mở rộng khối Search, quan sát giá trị các trường | D14: 1. Hiển thị trang Affiliates 2. Các ô nhập First name, Last name, Friendly URL name đều để trống; ô Load only with orders chưa được tích
A15: PROMO_AFF_View_07 | B15: Kiểm tra tooltip (?) của các trường tìm kiếm | C15: Pre-condition: + Đã đăng nhập trang admin demo (https://admin-demo.nopcommerce.com/admin/) + Đang ở trang Promotions > Affiliates, chưa nhập tiêu chí tìm kiếm Step: 1. Mở rộng khối Search 2. Rê chuột vào biểu tượng (?) cạnh từng nhãn | D15: 1. Khối Search mở rộng 2. Mỗi biểu tượng hiển thị mô tả ngắn của trường, nội dung không bị cắt hoặc che khuất
A16: PROMO_AFF_View_08 | B16: Kiểm tra các cột của bảng danh sách | C16: Pre-condition: + Đã đăng nhập trang admin demo (https://admin-demo.nopcommerce.com/admin/) + Đang ở trang Promotions > Affiliates, chưa nhập tiêu chí tìm kiếm Step: 1. Quan sát bảng danh sách | D16: 1. Bảng có các cột First name, Last name, Active, Edit; phía trên bảng có liên kết "Learn more about affiliates"
A17: PROMO_AFF_View_09 | B17: Kiểm tra dữ liệu mặc định trong bảng | C17: Pre-condition: + Đã đăng nhập trang admin demo (https://admin-demo.nopcommerce.com/admin/) + Đang ở trang Promotions > Affiliates, chưa nhập tiêu chí tìm kiếm Step: 1. Quan sát các dòng trong bảng và thông tin phân trang | D17: 1. Hiển thị 1 dòng: John Smith (Active có dấu ✓, có nút [Edit]); thông tin phân trang "1-1 of 1 items" | H17: Dữ liệu demo dùng chung, có thể bị reset hoặc bị người khác thêm/sửa; đối chiếu theo dữ liệu thực tế khi chạy
A18: PROMO_AFF_View_10 | B18: Kiểm tra layout trang trên desktop và mobile | C18: Pre-condition: + Đã đăng nhập trang admin demo (https://admin-demo.nopcommerce.com/admin/) + Đang ở trang Promotions > Affiliates, chưa nhập tiêu chí tìm kiếm Step: 1. Xem trang trên desktop 2. Thu nhỏ trình duyệt về kích thước mobile | D18: 1. Bố cục đúng, khối Search và bảng thẳng hàng, nút [Add new] hiển thị ở góc phải 2. Trang co giãn đúng, không vỡ giao diện; nút [Search], [Add new], [Edit] vẫn thao tác được
A19: PROMO_AFF_Search_01 | B19: Kiểm tra tìm theo First name đầy đủ | C19: Pre-condition: + Đã đăng nhập trang admin demo (https://admin-demo.nopcommerce.com/admin/) + Đang ở trang Promotions > Affiliates, khối Search đang mở rộng, chưa nhập tiêu chí tìm kiếm Step: 1. Nhập "John" vào First name 2. Click [Search] | D19: 1. Dữ liệu được nhập đúng 2. Bảng chỉ còn 1 dòng John Smith; thông tin phân trang "1-1 of 1 items" | H19: Dữ liệu demo dùng chung, có thể bị reset hoặc bị người khác thêm/sửa; đối chiếu theo dữ liệu thực tế khi chạy
A20: PROMO_AFF_Search_02 | B20: Kiểm tra tìm theo Last name đầy đủ | C20: Pre-condition: + Đã đăng nhập trang admin demo (https://admin-demo.nopcommerce.com/admin/) + Đang ở trang Promotions > Affiliates, khối Search đang mở rộng, chưa nhập tiêu chí tìm kiếm Step: 1. Nhập "Smith" vào Last name 2. Click [Search] | D20: 1. Dữ liệu được nhập đúng 2. Bảng chỉ còn 1 dòng John Smith; thông tin phân trang "1-1 of 1 items" | H20: Dữ liệu demo dùng chung, có thể bị reset hoặc bị người khác thêm/sửa; đối chiếu theo dữ liệu thực tế khi chạy
A21: PROMO_AFF_Search_03 | B21: Kiểm tra tìm theo một phần First name | C21: Pre-condition: + Đã đăng nhập trang admin demo (https://admin-demo.nopcommerce.com/admin/) + Đang ở trang Promotions > Affiliates, khối Search đang mở rộng, chưa nhập tiêu chí tìm kiếm Step: 1. Nhập "joh" (chữ thường) vào First name 2. Click [Search] | D21: 1. Dữ liệu được nhập đúng 2. Bảng hiển thị dòng John Smith (tìm theo chuỗi con, không phân biệt hoa thường) | H21: Dữ liệu demo dùng chung, có thể bị reset hoặc bị người khác thêm/sửa; đối chiếu theo dữ liệu thực tế khi chạy; ghi nhận hành vi thực tế về phân biệt hoa thường
A22: PROMO_AFF_Search_04 | B22: Kiểm tra tìm theo một phần Last name | C22: Pre-condition: + Đã đăng nhập trang admin demo (https://admin-demo.nopcommerce.com/admin/) + Đang ở trang Promotions > Affiliates, khối Search đang mở rộng, chưa nhập tiêu chí tìm kiếm Step: 1. Nhập "mit" vào Last name 2. Click [Search] | D22: 1. Dữ liệu được nhập đúng 2. Bảng hiển thị dòng John Smith (tìm theo chuỗi con) | H22: Dữ liệu demo dùng chung, có thể bị reset hoặc bị người khác thêm/sửa; đối chiếu theo dữ liệu thực tế khi chạy; ghi nhận hành vi thực tế về tìm theo chuỗi con
A23: PROMO_AFF_Search_05 | B23: Kiểm tra tìm đồng thời First name và Last name khớp nhau | C23: Pre-condition: + Đã đăng nhập trang admin demo (https://admin-demo.nopcommerce.com/admin/) + Đang ở trang Promotions > Affiliates, khối Search đang mở rộng, chưa nhập tiêu chí tìm kiếm Step: 1. Nhập "John" vào First name và "Smith" vào Last name 2. Click [Search] | D23: 1. Dữ liệu được nhập đúng 2. Bảng chỉ còn 1 dòng John Smith | H23: Dữ liệu demo dùng chung, có thể bị reset hoặc bị người khác thêm/sửa; đối chiếu theo dữ liệu thực tế khi chạy
A24: PROMO_AFF_Search_06 | B24: Kiểm tra tìm đồng thời First name và Last name không khớp nhau | C24: Pre-condition: + Đã đăng nhập trang admin demo (https://admin-demo.nopcommerce.com/admin/) + Đang ở trang Promotions > Affiliates, khối Search đang mở rộng, chưa nhập tiêu chí tìm kiếm Step: 1. Nhập "John" vào First name và "Doe" vào Last name 2. Click [Search] | D24: 1. Dữ liệu được nhập đúng 2. Bảng không có dòng nào; không báo lỗi hệ thống | H24: Dữ liệu demo dùng chung, có thể bị reset hoặc bị người khác thêm/sửa; đối chiếu theo dữ liệu thực tế khi chạy
A25: PROMO_AFF_Search_07 | B25: Kiểm tra tìm First name không tồn tại | C25: Pre-condition: + Đã đăng nhập trang admin demo (https://admin-demo.nopcommerce.com/admin/) + Đang ở trang Promotions > Affiliates, khối Search đang mở rộng, chưa nhập tiêu chí tìm kiếm Step: 1. Nhập "zzz_khong_ton_tai" vào First name 2. Click [Search] | D25: 1. Dữ liệu được nhập đúng 2. Bảng không có dòng dữ liệu, hiển thị thông báo không có dữ liệu; không báo lỗi hệ thống | H25: Ghi nhận nội dung thông báo thực tế khi bảng rỗng
A26: PROMO_AFF_Search_08 | B26: Kiểm tra tìm theo Friendly URL name | C26: Pre-condition: + Đã đăng nhập trang admin demo (https://admin-demo.nopcommerce.com/admin/) + Đang ở trang Promotions > Affiliates, chưa nhập tiêu chí tìm kiếm Step: 1. Click [Edit] ở dòng John Smith, ghi lại giá trị Friendly URL name (không sửa gì), quay lại danh sách Affiliates 2. Mở rộng khối Search nếu cần, nhập Friendly URL name vừa ghi lại vào ô Friendly URL name 3. Click [Search] | D26: 1. Lấy được Friendly URL name, quay lại trang Affiliates 2. Dữ liệu được nhập đúng 3. Bảng chỉ còn 1 dòng John Smith | H26: Dữ liệu demo dùng chung, có thể bị reset hoặc bị người khác thêm/sửa; đối chiếu theo dữ liệu thực tế khi chạy; nếu Friendly URL name của affiliate đang rỗng thì ghi nhận Skipped
A27: PROMO_AFF_Search_09 | B27: Kiểm tra tìm Friendly URL name không tồn tại | C27: Pre-condition: + Đã đăng nhập trang admin demo (https://admin-demo.nopcommerce.com/admin/) + Đang ở trang Promotions > Affiliates, khối Search đang mở rộng, chưa nhập tiêu chí tìm kiếm Step: 1. Nhập "NOTEXIST999" vào Friendly URL name 2. Click [Search] | D27: 1. Dữ liệu được nhập đúng 2. Bảng không có dòng dữ liệu, hiển thị thông báo không có dữ liệu; không báo lỗi hệ thống
A28: PROMO_AFF_Search_10 | B28: Kiểm tra lọc affiliate có đơn hàng (Load only with orders) | C28: Pre-condition: + Đã đăng nhập trang admin demo (https://admin-demo.nopcommerce.com/admin/) + Đang ở trang Promotions > Affiliates, khối Search đang mở rộng, chưa nhập tiêu chí tìm kiếm Step: 1. Tích ô Load only with orders 2. Click [Search] | D28: 1. Ô được tích 2. Bảng chỉ hiển thị affiliate có đơn hàng phát sinh, hoặc không có dòng nào nếu John Smith chưa có đơn; không báo lỗi hệ thống | H28: Dữ liệu demo dùng chung, có thể bị reset hoặc bị người khác thêm/sửa; đối chiếu theo dữ liệu thực tế khi chạy; ghi nhận kết quả thực tế vì affiliate mặc định có thể chưa có đơn hàng
A29: PROMO_AFF_Search_11 | B29: Kiểm tra bỏ trống toàn bộ tiêu chí rồi click [Search] | C29: Pre-condition: + Đã đăng nhập trang admin demo (https://admin-demo.nopcommerce.com/admin/) + Đang ở trang Promotions > Affiliates, khối Search đang mở rộng, chưa nhập tiêu chí tìm kiếm Step: 1. Không nhập tiêu chí nào 2. Click [Search] | D29: 1. Các ô đều trống 2. Bảng hiển thị đủ danh sách affiliate (1 dòng mặc định); không báo lỗi hệ thống | H29: Dữ liệu demo dùng chung, có thể bị reset hoặc bị người khác thêm/sửa; đối chiếu theo dữ liệu thực tế khi chạy
A30: PROMO_AFF_Search_12 | B30: Kiểm tra xóa tiêu chí rồi tìm lại | C30: Pre-condition: + Đã đăng nhập trang admin demo (https://admin-demo.nopcommerce.com/admin/) + Đang ở trang Promotions > Affiliates, khối Search đang mở rộng, chưa nhập tiêu chí tìm kiếm Step: 1. Nhập "John" vào First name, click [Search] 2. Xóa nội dung First name, click [Search] | D30: 1. Bảng chỉ còn 1 dòng 2. Bảng hiển thị lại đủ danh sách affiliate (1 dòng mặc định) | H30: Dữ liệu demo dùng chung, có thể bị reset hoặc bị người khác thêm/sửa; đối chiếu theo dữ liệu thực tế khi chạy
A31: PROMO_AFF_Search_13 | B31: Kiểm tra tìm kiếm bằng phím Enter | C31: Pre-condition: + Đã đăng nhập trang admin demo (https://admin-demo.nopcommerce.com/admin/) + Đang ở trang Promotions > Affiliates, khối Search đang mở rộng, chưa nhập tiêu chí tìm kiếm Step: 1. Nhập "John" vào First name 2. Nhấn phím Enter | D31: 1. Dữ liệu được nhập đúng 2. Thực hiện tìm kiếm như khi click [Search] (hoặc không phản hồi - ghi nhận hành vi thực tế) | H31: Ghi nhận hành vi thực tế của phím Enter trong ô First name
A32: PROMO_AFF_Search_14 | B32: Kiểm tra First name có khoảng trắng đầu cuối | C32: Pre-condition: + Đã đăng nhập trang admin demo (https://admin-demo.nopcommerce.com/admin/) + Đang ở trang Promotions > Affiliates, khối Search đang mở rộng, chưa nhập tiêu chí tìm kiếm Step: 1. Nhập " John " (có khoảng trắng đầu và cuối) vào First name 2. Click [Search] | D32: 1. Dữ liệu được nhập đúng 2. Hệ thống cắt khoảng trắng và hiển thị kết quả của "John", hoặc không có kết quả (ghi nhận hành vi thực tế); không báo lỗi hệ thống | H32: Ghi nhận hành vi thực tế khi có khoảng trắng đầu/cuối
A33: PROMO_AFF_Grid_01 | B33: Kiểm tra biểu tượng cột Active khớp với trạng thái affiliate | C33: Pre-condition: + Đã đăng nhập trang admin demo (https://admin-demo.nopcommerce.com/admin/) + Đang ở trang Promotions > Affiliates, chưa nhập tiêu chí tìm kiếm Step: 1. Quan sát cột Active của dòng John Smith 2. Click [Edit] ở dòng đó, quan sát ô Active (không sửa gì) | D33: 1. Cột Active hiển thị dấu ✓ 2. Trang Edit hiển thị ô Active được chọn, khớp với bảng | H33: Dữ liệu demo dùng chung, có thể bị reset hoặc bị người khác thêm/sửa; đối chiếu theo dữ liệu thực tế khi chạy
A34: PROMO_AFF_Grid_02 | B34: Kiểm tra dữ liệu trong bảng khớp với trang Edit | C34: Pre-condition: + Đã đăng nhập trang admin demo (https://admin-demo.nopcommerce.com/admin/) + Đang ở trang Promotions > Affiliates, chưa nhập tiêu chí tìm kiếm Step: 1. Ghi lại First name, Last name của dòng John Smith 2. Click [Edit] ở dòng đó, so sánh với trang Edit (không sửa gì) | D34: 1. Dữ liệu được ghi lại 2. Mở trang Edit đúng affiliate (URL /Admin/Affiliate/Edit/{id}), First name, Last name khớp với bảng | H34: Dữ liệu demo dùng chung, có thể bị reset hoặc bị người khác thêm/sửa; đối chiếu theo dữ liệu thực tế khi chạy
A35: PROMO_AFF_Page_01 | B35: Kiểm tra giá trị mặc định và danh sách của ô Show | C35: Pre-condition: + Đã đăng nhập trang admin demo (https://admin-demo.nopcommerce.com/admin/) + Đang ở trang Promotions > Affiliates, chưa nhập tiêu chí tìm kiếm Step: 1. Quan sát ô Show dưới bảng 2. Click ô Show, quan sát danh sách | D35: 1. Giá trị mặc định là 15 2. Danh sách gồm các mức số dòng mỗi trang (ví dụ 7, 15, 20, 50, 100) | H35: Đối chiếu danh sách thực tế với cấu hình của demo
A36: PROMO_AFF_Page_02 | B36: Kiểm tra đổi số dòng mỗi trang | C36: Pre-condition: + Đã đăng nhập trang admin demo (https://admin-demo.nopcommerce.com/admin/) + Đang ở trang Promotions > Affiliates, chưa nhập tiêu chí tìm kiếm Step: 1. Chọn Show = 7 2. Chọn Show = 100 | D36: 1. Bảng vẫn hiển thị đủ 1 dòng, thông tin phân trang "1-1 of 1 items", không có trang 2 2. Bảng vẫn hiển thị đủ 1 dòng, không báo lỗi hệ thống | H36: Dữ liệu demo dùng chung, có thể bị reset hoặc bị người khác thêm/sửa; đối chiếu theo dữ liệu thực tế khi chạy
A37: PROMO_AFF_Page_03 | B37: Kiểm tra nút Previous / Next khi chỉ có 1 trang | C37: Pre-condition: + Đã đăng nhập trang admin demo (https://admin-demo.nopcommerce.com/admin/) + Đang ở trang Promotions > Affiliates, chưa nhập tiêu chí tìm kiếm Step: 1. Quan sát thanh phân trang 2. Click [Previous], sau đó click [Next] | D37: 1. Chỉ có trang 1 được chọn; [Previous] và [Next] ở trạng thái vô hiệu hóa 2. Không đổi trang, dữ liệu bảng không thay đổi | H37: Dữ liệu demo dùng chung, có thể bị reset hoặc bị người khác thêm/sửa; đối chiếu theo dữ liệu thực tế khi chạy
A38: PROMO_AFF_Page_04 | B38: Kiểm tra nút làm mới bảng (biểu tượng refresh) | C38: Pre-condition: + Đã đăng nhập trang admin demo (https://admin-demo.nopcommerce.com/admin/) + Đang ở trang Promotions > Affiliates, khối Search đang mở rộng, chưa nhập tiêu chí tìm kiếm Step: 1. Nhập "John" vào First name, click [Search] 2. Click nút làm mới bảng ở bên phải thanh phân trang | D38: 1. Bảng chỉ còn 1 dòng 2. Bảng tải lại, vẫn áp dụng tiêu chí đang nhập (1 dòng); không báo lỗi hệ thống | H38: Dữ liệu demo dùng chung, có thể bị reset hoặc bị người khác thêm/sửa; đối chiếu theo dữ liệu thực tế khi chạy; ghi nhận bộ lọc có được giữ khi làm mới hay không
A39: PROMO_AFF_Nav_01 | B39: Kiểm tra nút [Add new] | C39: Pre-condition: + Đã đăng nhập trang admin demo (https://admin-demo.nopcommerce.com/admin/) + Đang ở trang Promotions > Affiliates, chưa nhập tiêu chí tìm kiếm Step: 1. Click [Add new] ở góc phải | D39: 1. Chuyển sang trang thêm affiliate mới (URL /Admin/Affiliate/Create); không tạo affiliate nào
A40: PROMO_AFF_Nav_02 | B40: Kiểm tra nút [Edit] và quay lại danh sách | C40: Pre-condition: + Đã đăng nhập trang admin demo (https://admin-demo.nopcommerce.com/admin/) + Đang ở trang Promotions > Affiliates, chưa nhập tiêu chí tìm kiếm Step: 1. Click [Edit] ở dòng John Smith 2. Click liên kết quay lại danh sách affiliate ở đầu trang Edit (không sửa gì) | D40: 1. Mở trang Edit affiliate, họ tên John Smith đúng với dòng đã chọn 2. Quay lại trang Affiliates, bảng vẫn hiển thị danh sách affiliate | H40: Dữ liệu demo dùng chung, có thể bị reset hoặc bị người khác thêm/sửa; đối chiếu theo dữ liệu thực tế khi chạy
A41: PROMO_AFF_Nav_03 | B41: Kiểm tra chuyển qua lại giữa các mục trong menu Promotions | C41: Pre-condition: + Đã đăng nhập trang admin demo (https://admin-demo.nopcommerce.com/admin/) + Đang ở trang Promotions > Affiliates, chưa nhập tiêu chí tìm kiếm Step: 1. Click [Newsletter subscribers] trong menu Promotions 2. Click [Affiliates] | D41: 1. Hiển thị trang Newsletter subscribers 2. Hiển thị lại trang Affiliates, mục Affiliates được làm nổi bật trong menu
A42: PROMO_AFF_Nav_04 | B42: Kiểm tra liên kết "Learn more about affiliates" | C42: Pre-condition: + Đã đăng nhập trang admin demo (https://admin-demo.nopcommerce.com/admin/) + Đang ở trang Promotions > Affiliates, chưa nhập tiêu chí tìm kiếm Step: 1. Click liên kết "affiliates" ở cuối đoạn giới thiệu phía trên bảng | D42: 1. Mở trang tài liệu nopCommerce về affiliates (docs.nopcommerce.com); trang admin vẫn giữ nguyên | H42: Ghi nhận trang tài liệu mở ở tab mới hay cùng tab
A43: PROMO_AFF_Nav_05 | B43: Kiểm tra tải lại trang (F5) sau khi tìm kiếm | C43: Pre-condition: + Đã đăng nhập trang admin demo (https://admin-demo.nopcommerce.com/admin/) + Đang ở trang Promotions > Affiliates, khối Search đang mở rộng, chưa nhập tiêu chí tìm kiếm Step: 1. Nhập "John" vào First name, click [Search] 2. Nhấn F5 để tải lại trang | D43: 1. Bảng chỉ còn 1 dòng 2. Trang tải lại, không báo lỗi hệ thống; ghi nhận bộ lọc được giữ hay trở về mặc định | H43: Ghi nhận hành vi thực tế sau khi tải lại trang
A44: PROMO_AFF_Nav_06 | B44: Kiểm tra nút Back của trình duyệt sau khi mở trang Edit | C44: Pre-condition: + Đã đăng nhập trang admin demo (https://admin-demo.nopcommerce.com/admin/) + Đang ở trang Promotions > Affiliates, chưa nhập tiêu chí tìm kiếm Step: 1. Click [Edit] ở dòng John Smith 2. Click nút Back của trình duyệt | D44: 1. Mở trang Edit affiliate 2. Quay về trang Affiliates, vẫn ở trạng thái đăng nhập admin, bảng hiển thị bình thường
A45: PROMO_AFF_Security_01 | B45: Kiểm tra mã script ở First name không bị thực thi | C45: Pre-condition: + Đã đăng nhập trang admin demo (https://admin-demo.nopcommerce.com/admin/) + Đang ở trang Promotions > Affiliates, khối Search đang mở rộng, chưa nhập tiêu chí tìm kiếm Step: 1. Nhập <script>alert(1)</script> vào First name 2. Click [Search] | D45: 1. Dữ liệu được nhập đúng 2. Không xuất hiện hộp thoại alert, bảng không có dòng nào, không báo lỗi hệ thống
A46: PROMO_AFF_Security_02 | B46: Kiểm tra SQL injection ở First name, Last name và Friendly URL name | C46: Pre-condition: + Đã đăng nhập trang admin demo (https://admin-demo.nopcommerce.com/admin/) + Đang ở trang Promotions > Affiliates, khối Search đang mở rộng, chưa nhập tiêu chí tìm kiếm Step: 1. Nhập ' OR 1=1 -- vào First name, click [Search] 2. Xóa tiêu chí, nhập ' OR 1=1 -- vào Last name, click [Search] 3. Xóa tiêu chí, nhập ' OR 1=1 -- vào Friendly URL name, click [Search] | D46: 1. Không báo lỗi hệ thống, không lộ thông tin kỹ thuật; không trả về dữ liệu ngoài phạm vi tìm kiếm 2. Không báo lỗi hệ thống, không lộ thông tin kỹ thuật; không trả về dữ liệu ngoài phạm vi tìm kiếm 3. Không báo lỗi hệ thống, không lộ thông tin kỹ thuật; không trả về dữ liệu ngoài phạm vi tìm kiếm
A47: PROMO_AFF_Security_03 | B47: Kiểm tra First name rất dài | C47: Pre-condition: + Đã đăng nhập trang admin demo (https://admin-demo.nopcommerce.com/admin/) + Đang ở trang Promotions > Affiliates, khối Search đang mở rộng, chưa nhập tiêu chí tìm kiếm Step: 1. Nhập chuỗi 500 ký tự "a" vào First name 2. Click [Search] | D47: 1. Dữ liệu được nhập 2. Bảng không có dòng nào; không báo lỗi hệ thống, giao diện không vỡ
A48: PROMO_AFF_Security_04 | B48: Kiểm tra truy cập trang Affiliates khi chưa đăng nhập admin | C48: Pre-condition: + Đã đăng nhập trang admin demo (https://admin-demo.nopcommerce.com/admin/) + Đang ở trang Promotions > Affiliates, chưa nhập tiêu chí tìm kiếm Step: 1. Click [Logout] ở góc phải trên cùng 2. Nhập URL https://admin-demo.nopcommerce.com/Admin/Affiliate/List vào thanh địa chỉ | D48: 1. Đăng xuất thành công, chuyển về trang đăng nhập admin 2. Không xem được danh sách affiliate, chuyển về trang đăng nhập admin (URL có ReturnUrl) | H48: Đăng nhập lại admin demo (thông tin được điền sẵn) sau khi chạy case này
A49: PROMO_AFF_Security_05 | B49: Kiểm tra trang Affiliates dùng kết nối HTTPS | C49: Pre-condition: + Đã đăng nhập trang admin demo (https://admin-demo.nopcommerce.com/admin/) + Đang ở trang Promotions > Affiliates, chưa nhập tiêu chí tìm kiếm Step: 1. Quan sát biểu tượng ổ khóa trên thanh địa chỉ | D49: 1. Trang dùng HTTPS, chứng chỉ hợp lệ, không có cảnh báo nội dung hỗn hợp
A50: PROMO_AFF_Security_06 | B50: Kiểm tra truy cập trang Edit với ID affiliate không tồn tại | C50: Pre-condition: + Đã đăng nhập trang admin demo (https://admin-demo.nopcommerce.com/admin/) + Đang ở trang Promotions > Affiliates, chưa nhập tiêu chí tìm kiếm Step: 1. Nhập URL https://admin-demo.nopcommerce.com/Admin/Affiliate/Edit/999999 vào thanh địa chỉ | D50: 1. Không mở được trang chi tiết; chuyển về danh sách Affiliates hoặc báo không tìm thấy; không báo lỗi hệ thống, không lộ thông tin kỹ thuật | H50: Ghi nhận hành vi thực tế (chuyển hướng hay hiển thị thông báo)

Sheet Admin - Promotions - Newsletter
A2: Module Code | B2: Admin - Promotions - Newsletter subscribers | J2: Passed
A3: Test requirement | B3: Newsletter subscribers (Promotions > Newsletter subscribers): danh sách subscriber trên trang admin | J3: Failed
A4: Tester | B4: Lê Hữu Phước | J4: Blocked
A5: Passed | B5: Failed | C5: Untested | D5: Blocked | E5: Skipped | F5: Number of Test cases | J5: Untested
A6: =COUNTIF(F9:F996,"Passed") -> 49 | B6: =COUNTIF(F9:F996,"Failed") -> 12 | C6: =F6-E6-D6-B6-A6 -> 0 | D6: =COUNTIF(F$9:F$996,"Blocked") -> 0 | E6: =COUNTIF(F$9:F$996,"Skipped") -> 0 | F6: =COUNTA(A9:A996) -> 61 | J6: Skipped
A8: ID | B8: Test Case Description | C8: Test Case Procedure | D8: Expected Output | E8: Inter-test case Dependence | F8: Result | G8: Test date | H8: Note
A9: PROMO_NEWS_View_01 | B9: Kiểm tra mở trang Newsletter subscribers từ menu Promotions | C9: Pre-condition: + Đã đăng nhập trang admin demo (https://admin-demo.nopcommerce.com/admin/) + Đang ở trang Dashboard Step: 1. Click menu [Promotions] ở thanh bên trái 2. Click [Newsletter subscribers] | D9: 1. Menu Promotions mở rộng, gồm Discounts, Affiliates, Newsletter subscribers, Subscription types, Campaigns 2. Hiển thị trang Newsletter subscribers (URL /Admin/NewsLetterSubscription/List), mục Newsletter subscribers được làm nổi bật trong menu, tiêu đề trang là "Newsletter subscribers" | F9: Passed
A10: PROMO_NEWS_View_02 | B10: Kiểm tra truy cập trực tiếp bằng URL /Admin/NewsLetterSubscription/List | C10: Pre-condition: + Đã đăng nhập trang admin demo (https://admin-demo.nopcommerce.com/admin/) Step: 1. Nhập URL https://admin-demo.nopcommerce.com/Admin/NewsLetterSubscription/List vào thanh địa chỉ 2. Quan sát header và menu bên trái | D10: 1. Hiển thị trang Newsletter subscribers 2. Header có tên tài khoản và [Logout]; menu Promotions mở sẵn và mục Newsletter subscribers được chọn | F10: Passed
A11: PROMO_NEWS_View_03 | B11: Kiểm tra các nút chức năng ở góc phải trang | C11: Pre-condition: + Đã đăng nhập trang admin demo (https://admin-demo.nopcommerce.com/admin/) + Đang ở trang Promotions > Newsletter subscribers, chưa nhập tiêu chí tìm kiếm Step: 1. Quan sát các nút ở góc phải phía trên | D11: 1. Hiển thị 3 nút: [Add new] (màu xanh dương), [Export to CSV] và [Import from CSV] (màu xanh lá); nhãn và biểu tượng hiển thị rõ | F11: Passed
A12: PROMO_NEWS_View_04 | B12: Kiểm tra các trường và nút trong khối Search | C12: Pre-condition: + Đã đăng nhập trang admin demo (https://admin-demo.nopcommerce.com/admin/) + Đang ở trang Promotions > Newsletter subscribers, chưa nhập tiêu chí tìm kiếm Step: 1. Quan sát khối Search | D12: 1. Khối Search có các trường Email, Start date, End date, Active, Customer role, Subscription type và nút [Search]; mỗi nhãn có biểu tượng (?) | F12: Passed
A13: PROMO_NEWS_View_05 | B13: Kiểm tra giá trị mặc định của khối Search | C13: Pre-condition: + Đã đăng nhập trang admin demo (https://admin-demo.nopcommerce.com/admin/) + Đang ở trang Promotions > Newsletter subscribers, chưa nhập tiêu chí tìm kiếm Step: 1. Mở trang Newsletter subscribers mới (chưa nhập gì) 2. Quan sát giá trị các trường tìm kiếm | D13: 1. Hiển thị trang Newsletter subscribers 2. Email để trống; Start date, End date hiển thị placeholder định dạng ngày; Active, Customer role, Subscription type đều là "All" | F13: Passed
A14: PROMO_NEWS_View_06 | B14: Kiểm tra tooltip (?) của các trường tìm kiếm | C14: Pre-condition: + Đã đăng nhập trang admin demo (https://admin-demo.nopcommerce.com/admin/) + Đang ở trang Promotions > Newsletter subscribers, chưa nhập tiêu chí tìm kiếm Step: 1. Rê chuột vào biểu tượng (?) cạnh từng nhãn | D14: 1. Mỗi biểu tượng hiển thị mô tả ngắn của trường, nội dung không bị cắt hoặc che khuất | F14: Passed
A15: PROMO_NEWS_View_07 | B15: Kiểm tra thu gọn / mở rộng khối Search | C15: Pre-condition: + Đã đăng nhập trang admin demo (https://admin-demo.nopcommerce.com/admin/) + Đang ở trang Promotions > Newsletter subscribers, chưa nhập tiêu chí tìm kiếm Step: 1. Nhập "phuoc" vào Email 2. Click mũi tên ở góc phải tiêu đề khối Search 3. Click mũi tên lần nữa | D15: 1. Email hiển thị "phuoc" 2. Khối Search được thu gọn, bảng kết quả vẫn hiển thị 3. Khối Search mở rộng lại, giá trị "phuoc" vẫn còn trong ô Email | F15: Passed | H15: Trong ảnh chụp ban đầu khối Search đang mở rộng; ghi nhận trạng thái mặc định thực tế
A16: PROMO_NEWS_View_08 | B16: Kiểm tra các cột của bảng danh sách | C16: Pre-condition: + Đã đăng nhập trang admin demo (https://admin-demo.nopcommerce.com/admin/) + Đang ở trang Promotions > Newsletter subscribers, chưa nhập tiêu chí tìm kiếm Step: 1. Quan sát bảng danh sách | D16: 1. Bảng có các cột Email, Subscription type, Active, Language, Created on, Edit; phía trên bảng có liên kết "Learn more about email campaigns" | F16: Passed
A17: PROMO_NEWS_View_09 | B17: Kiểm tra dữ liệu mặc định trong bảng | C17: Pre-condition: + Đã đăng nhập trang admin demo (https://admin-demo.nopcommerce.com/admin/) + Đang ở trang Promotions > Newsletter subscribers, chưa nhập tiêu chí tìm kiếm Step: 1. Quan sát bảng và thông tin phân trang khi chưa có subscriber nào | D17: 1. Bảng hiển thị thông báo "No data available in table"; thông tin phân trang hiển thị "No records" | F17: Passed | H17: Chạy trước các case Data; dữ liệu demo dùng chung, nếu đã có subscriber do người khác tạo thì đối chiếu theo dữ liệu thực tế khi chạy
A18: PROMO_NEWS_View_10 | B18: Kiểm tra layout trang trên desktop và mobile | C18: Pre-condition: + Đã đăng nhập trang admin demo (https://admin-demo.nopcommerce.com/admin/) + Đang ở trang Promotions > Newsletter subscribers, chưa nhập tiêu chí tìm kiếm Step: 1. Xem trang trên desktop 2. Thu nhỏ trình duyệt về kích thước mobile | D18: 1. Bố cục đúng, khối Search và bảng thẳng hàng, 3 nút chức năng hiển thị ở góc phải 2. Trang co giãn đúng, không vỡ giao diện; nút [Search], [Add new], [Export to CSV], [Import from CSV] vẫn thao tác được | F18: Passed
A19: PROMO_NEWS_Data_01 | B19: Tạo subscriber Active bằng cách đăng ký tài khoản có tích Newsletter | C19: Pre-condition: + Chưa đăng nhập storefront (https://demo.nopcommerce.com/), dùng email chưa đăng ký (ví dụ phuoc.news01@example.com) + Đã đăng nhập trang admin demo (https://admin-demo.nopcommerce.com/admin/) Step: 1. Mở https://demo.nopcommerce.com/register, nhập First name "Phuoc", Last name "Le", Email phuoc.news01@example.com, Password và Confirm password "Test@123456", giữ nguyên Newsletter được tích 2. Click [REGISTER] 3. Mở trang admin, vào Promotions > Newsletter subscribers, nhập phuoc.news01@example.com vào ô Email, click [Search] | D19: 1. Dữ liệu được nhập, Newsletter được tích sẵn 2. Hiển thị "Your registration completed" 3. Bảng có 1 dòng Email phuoc.news01@example.com, Active có dấu ✓, Created on là thời điểm vừa đăng ký | F19: Failed | H19: Ghi lại email dùng ở case này cho các case phụ thuộc; nếu demo đã reset dữ liệu thì chạy lại case này; nếu demo đặt đăng ký phải xác thực email thì Active có thể không được tích
A20: PROMO_NEWS_Data_02 | B20: Tạo subscriber chưa Active bằng ô Newsletter ở footer storefront | C20: Pre-condition: + Chưa đăng nhập storefront (https://demo.nopcommerce.com/), dùng email chưa đăng ký newsletter (ví dụ phuoc.news02@example.com) + Đã đăng nhập trang admin demo (https://admin-demo.nopcommerce.com/admin/) Step: 1. Mở https://demo.nopcommerce.com/, nhập phuoc.news02@example.com vào ô Newsletter ở footer 2. Click [Subscribe] 3. Mở trang admin, vào Promotions > Newsletter subscribers, nhập phuoc.news02@example.com vào ô Email, click [Search] | D20: 1. Dữ liệu được nhập đúng 2. Hiển thị thông báo đã gửi email xác nhận đăng ký ("A verification email has been sent") 3. Bảng có 1 dòng Email phuoc.news02@example.com, Active không có dấu ✓ (chờ xác nhận email) | F20: Passed | H20: Ghi lại email dùng ở case này cho các case phụ thuộc; nếu demo đã reset dữ liệu thì chạy lại case này; ghi nhận nội dung thông báo và trạng thái Active thực tế
A21: PROMO_NEWS_Search_01 | B21: Kiểm tra danh sách giá trị của Active | C21: Pre-condition: + Đã đăng nhập trang admin demo (https://admin-demo.nopcommerce.com/admin/) + Đang ở trang Promotions > Newsletter subscribers, chưa nhập tiêu chí tìm kiếm Step: 1. Click ô chọn Active, quan sát danh sách | D21: 1. Danh sách gồm "All" và 2 lựa chọn lọc theo trạng thái (chỉ Active, chỉ Not active) | F21: Passed | H21: Đối chiếu nhãn thực tế với nopCommerce 4.90.4
A22: PROMO_NEWS_Search_02 | B22: Kiểm tra danh sách giá trị của Customer role | C22: Pre-condition: + Đã đăng nhập trang admin demo (https://admin-demo.nopcommerce.com/admin/) + Đang ở trang Promotions > Newsletter subscribers, chưa nhập tiêu chí tìm kiếm Step: 1. Click ô chọn Customer role, quan sát danh sách | D22: 1. Danh sách gồm "All" và các nhóm khách hàng mặc định (Administrators, Forum Moderators, Guests, Registered, Vendors) | F22: Passed | H22: Đối chiếu danh sách thực tế với nopCommerce 4.90.4 và cấu hình của demo
A23: PROMO_NEWS_Search_03 | B23: Kiểm tra danh sách giá trị của Subscription type | C23: Pre-condition: + Đã đăng nhập trang admin demo (https://admin-demo.nopcommerce.com/admin/) + Đang ở trang Promotions > Newsletter subscribers, chưa nhập tiêu chí tìm kiếm Step: 1. Click ô chọn Subscription type, quan sát danh sách | D23: 1. Danh sách gồm "All" và các loại subscription đang có trong Promotions > Subscription types | F23: Passed | H23: Đối chiếu danh sách thực tế với cấu hình của demo
A24: PROMO_NEWS_Search_04 | B24: Kiểm tra tìm theo Email đầy đủ | C24: Pre-condition: + Đã đăng nhập trang admin demo (https://admin-demo.nopcommerce.com/admin/) + Đang ở trang Promotions > Newsletter subscribers, chưa nhập tiêu chí tìm kiếm + Đã hoàn thành PROMO_NEWS_Data_01 và PROMO_NEWS_Data_02 (email của 2 subscriber đã tạo: phuoc.news01@example.com và phuoc.news02@example.com) Step: 1. Nhập "phuoc.news01@example.com" vào ô Email 2. Click [Search] | D24: 1. Dữ liệu được nhập đúng 2. Bảng chỉ còn 1 dòng phuoc.news01@example.com, Active có dấu ✓; thông tin phân trang "1-1 of 1 items" | E24: PROMO_NEWS_Data_01, PROMO_NEWS_Data_02 | F24: Passed | H24: Dữ liệu demo dùng chung, có thể bị reset hoặc bị người khác thêm/sửa; đối chiếu theo dữ liệu thực tế khi chạy
A25: PROMO_NEWS_Search_05 | B25: Kiểm tra tìm theo một phần Email | C25: Pre-condition: + Đã đăng nhập trang admin demo (https://admin-demo.nopcommerce.com/admin/) + Đang ở trang Promotions > Newsletter subscribers, chưa nhập tiêu chí tìm kiếm + Đã hoàn thành PROMO_NEWS_Data_01 và PROMO_NEWS_Data_02 (email của 2 subscriber đã tạo: phuoc.news01@example.com và phuoc.news02@example.com) Step: 1. Nhập "phuoc.news" vào ô Email 2. Click [Search] | D25: 1. Dữ liệu được nhập đúng 2. Bảng hiển thị 2 dòng phuoc.news01@example.com và phuoc.news02@example.com (tìm theo chuỗi con); thông tin phân trang "1-2 of 2 items" | E25: PROMO_NEWS_Data_01, PROMO_NEWS_Data_02 | F25: Passed | H25: Dữ liệu demo dùng chung, có thể bị reset hoặc bị người khác thêm/sửa; đối chiếu theo dữ liệu thực tế khi chạy
A26: PROMO_NEWS_Search_06 | B26: Kiểm tra tìm theo Email viết hoa | C26: Pre-condition: + Đã đăng nhập trang admin demo (https://admin-demo.nopcommerce.com/admin/) + Đang ở trang Promotions > Newsletter subscribers, chưa nhập tiêu chí tìm kiếm + Đã hoàn thành PROMO_NEWS_Data_01 và PROMO_NEWS_Data_02 (email của 2 subscriber đã tạo: phuoc.news01@example.com và phuoc.news02@example.com) Step: 1. Nhập "PHUOC.NEWS01@EXAMPLE.COM" vào ô Email 2. Click [Search] | D26: 1. Dữ liệu được nhập đúng 2. Bảng hiển thị dòng phuoc.news01@example.com (email không phân biệt hoa thường) | E26: PROMO_NEWS_Data_01 | F26: Passed | H26: Dữ liệu demo dùng chung, có thể bị reset hoặc bị người khác thêm/sửa; đối chiếu theo dữ liệu thực tế khi chạy; ghi nhận hành vi thực tế về phân biệt hoa thường
A27: PROMO_NEWS_Search_07 | B27: Kiểm tra tìm Email không tồn tại | C27: Pre-condition: + Đã đăng nhập trang admin demo (https://admin-demo.nopcommerce.com/admin/) + Đang ở trang Promotions > Newsletter subscribers, chưa nhập tiêu chí tìm kiếm Step: 1. Nhập "zzz_khong_ton_tai@example.com" vào ô Email 2. Click [Search] | D27: 1. Dữ liệu được nhập đúng 2. Bảng không có dòng dữ liệu, hiển thị thông báo không có dữ liệu; không báo lỗi hệ thống | F27: Passed | H27: Ghi nhận nội dung thông báo thực tế khi bảng rỗng
A28: PROMO_NEWS_Search_08 | B28: Kiểm tra tìm với Email sai định dạng | C28: Pre-condition: + Đã đăng nhập trang admin demo (https://admin-demo.nopcommerce.com/admin/) + Đang ở trang Promotions > Newsletter subscribers, chưa nhập tiêu chí tìm kiếm Step: 1. Nhập "abc@@123" vào ô Email 2. Click [Search] | D28: 1. Dữ liệu được nhập đúng 2. Ô Email không kiểm tra định dạng, chỉ tìm theo chuỗi; bảng không có dòng nào, không báo lỗi hệ thống | F28: Failed | H28: Ghi nhận hành vi thực tế khi nhập email sai định dạng
A29: PROMO_NEWS_Search_09 | B29: Kiểm tra lọc Active = chỉ Active | C29: Pre-condition: + Đã đăng nhập trang admin demo (https://admin-demo.nopcommerce.com/admin/) + Đang ở trang Promotions > Newsletter subscribers, chưa nhập tiêu chí tìm kiếm + Đã hoàn thành PROMO_NEWS_Data_01 và PROMO_NEWS_Data_02 (email của 2 subscriber đã tạo: phuoc.news01@example.com và phuoc.news02@example.com) Step: 1. Click ô chọn Active, chọn lựa chọn chỉ Active 2. Click [Search] | D29: 1. Active hiển thị lựa chọn đã chọn 2. Bảng chỉ hiển thị subscriber có dấu ✓ ở cột Active (có phuoc.news01@example.com, không có phuoc.news02@example.com) | E29: PROMO_NEWS_Data_01, PROMO_NEWS_Data_02 | F29: Passed | H29: Dữ liệu demo dùng chung, có thể bị reset hoặc bị người khác thêm/sửa; đối chiếu theo dữ liệu thực tế khi chạy
A30: PROMO_NEWS_Search_10 | B30: Kiểm tra lọc Active = chỉ Not active | C30: Pre-condition: + Đã đăng nhập trang admin demo (https://admin-demo.nopcommerce.com/admin/) + Đang ở trang Promotions > Newsletter subscribers, chưa nhập tiêu chí tìm kiếm + Đã hoàn thành PROMO_NEWS_Data_01 và PROMO_NEWS_Data_02 (email của 2 subscriber đã tạo: phuoc.news01@example.com và phuoc.news02@example.com) Step: 1. Click ô chọn Active, chọn lựa chọn chỉ Not active 2. Click [Search] | D30: 1. Active hiển thị lựa chọn đã chọn 2. Bảng chỉ hiển thị subscriber không có dấu ✓ ở cột Active (có phuoc.news02@example.com, không có phuoc.news01@example.com) | E30: PROMO_NEWS_Data_01, PROMO_NEWS_Data_02 | F30: Passed | H30: Dữ liệu demo dùng chung, có thể bị reset hoặc bị người khác thêm/sửa; đối chiếu theo dữ liệu thực tế khi chạy
A31: PROMO_NEWS_Search_11 | B31: Kiểm tra lọc Customer role = Registered | C31: Pre-condition: + Đã đăng nhập trang admin demo (https://admin-demo.nopcommerce.com/admin/) + Đang ở trang Promotions > Newsletter subscribers, chưa nhập tiêu chí tìm kiếm + Đã hoàn thành PROMO_NEWS_Data_01 và PROMO_NEWS_Data_02 (email của 2 subscriber đã tạo: phuoc.news01@example.com và phuoc.news02@example.com) Step: 1. Click ô chọn Customer role, chọn "Registered" 2. Click [Search] | D31: 1. Customer role hiển thị "Registered" 2. Bảng chỉ hiển thị subscriber gắn với tài khoản thuộc nhóm Registered (có phuoc.news01@example.com; phuoc.news02@example.com đăng ký ở footer, chưa có tài khoản nên không hiển thị) | E31: PROMO_NEWS_Data_01, PROMO_NEWS_Data_02 | F31: Passed | H31: Dữ liệu demo dùng chung, có thể bị reset hoặc bị người khác thêm/sửa; đối chiếu theo dữ liệu thực tế khi chạy; ghi nhận hành vi thực tế với subscriber chưa có tài khoản
A32: PROMO_NEWS_Search_12 | B32: Kiểm tra lọc theo Subscription type | C32: Pre-condition: + Đã đăng nhập trang admin demo (https://admin-demo.nopcommerce.com/admin/) + Đang ở trang Promotions > Newsletter subscribers, chưa nhập tiêu chí tìm kiếm + Đã hoàn thành PROMO_NEWS_Data_01 và PROMO_NEWS_Data_02 (email của 2 subscriber đã tạo: phuoc.news01@example.com và phuoc.news02@example.com) Step: 1. Click ô chọn Subscription type, chọn một loại cụ thể (không phải All) 2. Click [Search] | D32: 1. Subscription type hiển thị loại đã chọn 2. Bảng chỉ hiển thị subscriber thuộc loại đã chọn, hoặc không có dòng nào nếu loại đó chưa có subscriber; không báo lỗi hệ thống | E32: PROMO_NEWS_Data_01, PROMO_NEWS_Data_02 | F32: Passed | H32: Dữ liệu demo dùng chung, có thể bị reset hoặc bị người khác thêm/sửa; đối chiếu theo dữ liệu thực tế khi chạy; ghi nhận loại đã chọn và kết quả thực tế
A33: PROMO_NEWS_Search_13 | B33: Kiểm tra lọc theo Start date | C33: Pre-condition: + Đã đăng nhập trang admin demo (https://admin-demo.nopcommerce.com/admin/) + Đang ở trang Promotions > Newsletter subscribers, chưa nhập tiêu chí tìm kiếm + Đã hoàn thành PROMO_NEWS_Data_01 và PROMO_NEWS_Data_02 (email của 2 subscriber đã tạo: phuoc.news01@example.com và phuoc.news02@example.com) Step: 1. Nhập Start date là ngày hôm qua, click [Search] 2. Đổi Start date thành ngày mai, click [Search] | D33: 1. Bảng hiển thị 2 subscriber đã tạo (Created on sau mốc đã chọn) 2. Bảng không có dòng nào vì các subscriber được tạo trước mốc đã chọn | E33: PROMO_NEWS_Data_01, PROMO_NEWS_Data_02 | F33: Passed | H33: Dữ liệu demo dùng chung, có thể bị reset hoặc bị người khác thêm/sửa; đối chiếu theo dữ liệu thực tế khi chạy; nhập ngày đúng định dạng hiển thị trong ô để tránh nhầm ngày/tháng; lưu ý chênh lệch múi giờ giữa Created on và ngày chọn
A34: PROMO_NEWS_Search_14 | B34: Kiểm tra lọc theo End date | C34: Pre-condition: + Đã đăng nhập trang admin demo (https://admin-demo.nopcommerce.com/admin/) + Đang ở trang Promotions > Newsletter subscribers, chưa nhập tiêu chí tìm kiếm + Đã hoàn thành PROMO_NEWS_Data_01 và PROMO_NEWS_Data_02 (email của 2 subscriber đã tạo: phuoc.news01@example.com và phuoc.news02@example.com) Step: 1. Nhập End date là ngày mai, click [Search] 2. Đổi End date thành ngày hôm qua, click [Search] | D34: 1. Bảng hiển thị 2 subscriber đã tạo (Created on trước mốc đã chọn) 2. Bảng không có dòng nào vì các subscriber được tạo sau mốc đã chọn | E34: PROMO_NEWS_Data_01, PROMO_NEWS_Data_02 | F34: Passed | H34: Dữ liệu demo dùng chung, có thể bị reset hoặc bị người khác thêm/sửa; đối chiếu theo dữ liệu thực tế khi chạy; nhập ngày đúng định dạng hiển thị trong ô để tránh nhầm ngày/tháng; lưu ý chênh lệch múi giờ giữa Created on và ngày chọn
A35: PROMO_NEWS_Search_15 | B35: Kiểm tra lọc đồng thời Start date và End date | C35: Pre-condition: + Đã đăng nhập trang admin demo (https://admin-demo.nopcommerce.com/admin/) + Đang ở trang Promotions > Newsletter subscribers, chưa nhập tiêu chí tìm kiếm + Đã hoàn thành PROMO_NEWS_Data_01 và PROMO_NEWS_Data_02 (email của 2 subscriber đã tạo: phuoc.news01@example.com và phuoc.news02@example.com) Step: 1. Nhập Start date là ngày hôm qua và End date là ngày mai 2. Click [Search] | D35: 1. Dữ liệu được nhập đúng 2. Bảng hiển thị 2 subscriber đã tạo nằm trong khoảng thời gian đã chọn | E35: PROMO_NEWS_Data_01, PROMO_NEWS_Data_02 | F35: Passed | H35: Dữ liệu demo dùng chung, có thể bị reset hoặc bị người khác thêm/sửa; đối chiếu theo dữ liệu thực tế khi chạy; nhập ngày đúng định dạng hiển thị trong ô để tránh nhầm ngày/tháng; lưu ý chênh lệch múi giờ giữa Created on và ngày chọn
A36: PROMO_NEWS_Search_16 | B36: Kiểm tra Start date lớn hơn End date | C36: Pre-condition: + Đã đăng nhập trang admin demo (https://admin-demo.nopcommerce.com/admin/) + Đang ở trang Promotions > Newsletter subscribers, chưa nhập tiêu chí tìm kiếm Step: 1. Nhập Start date là ngày mai và End date là ngày hôm qua 2. Click [Search] | D36: 1. Dữ liệu được nhập đúng 2. Bảng không có dòng nào; không báo lỗi hệ thống | F36: Failed | H36: Ghi nhận hành vi thực tế (có thể có thông báo lỗi hoặc chỉ trả về bảng rỗng)
A37: PROMO_NEWS_Search_17 | B37: Kiểm tra kết hợp nhiều tiêu chí cho kết quả khớp | C37: Pre-condition: + Đã đăng nhập trang admin demo (https://admin-demo.nopcommerce.com/admin/) + Đang ở trang Promotions > Newsletter subscribers, chưa nhập tiêu chí tìm kiếm + Đã hoàn thành PROMO_NEWS_Data_01 và PROMO_NEWS_Data_02 (email của 2 subscriber đã tạo: phuoc.news01@example.com và phuoc.news02@example.com) Step: 1. Nhập "phuoc.news01" vào Email, chọn Active là lựa chọn chỉ Active 2. Click [Search] | D37: 1. Các tiêu chí hiển thị đúng như đã chọn 2. Bảng chỉ còn dòng phuoc.news01@example.com | E37: PROMO_NEWS_Data_01, PROMO_NEWS_Data_02 | F37: Passed | H37: Dữ liệu demo dùng chung, có thể bị reset hoặc bị người khác thêm/sửa; đối chiếu theo dữ liệu thực tế khi chạy
A38: PROMO_NEWS_Search_18 | B38: Kiểm tra kết hợp nhiều tiêu chí không có kết quả | C38: Pre-condition: + Đã đăng nhập trang admin demo (https://admin-demo.nopcommerce.com/admin/) + Đang ở trang Promotions > Newsletter subscribers, chưa nhập tiêu chí tìm kiếm + Đã hoàn thành PROMO_NEWS_Data_01 và PROMO_NEWS_Data_02 (email của 2 subscriber đã tạo: phuoc.news01@example.com và phuoc.news02@example.com) Step: 1. Nhập "phuoc.news01" vào Email, chọn Active là lựa chọn chỉ Not active 2. Click [Search] | D38: 1. Các tiêu chí hiển thị đúng như đã chọn 2. Bảng không có dòng nào; không báo lỗi hệ thống | E38: PROMO_NEWS_Data_01, PROMO_NEWS_Data_02 | F38: Passed | H38: Dữ liệu demo dùng chung, có thể bị reset hoặc bị người khác thêm/sửa; đối chiếu theo dữ liệu thực tế khi chạy
A39: PROMO_NEWS_Search_19 | B39: Kiểm tra xóa tiêu chí rồi tìm lại | C39: Pre-condition: + Đã đăng nhập trang admin demo (https://admin-demo.nopcommerce.com/admin/) + Đang ở trang Promotions > Newsletter subscribers, chưa nhập tiêu chí tìm kiếm + Đã hoàn thành PROMO_NEWS_Data_01 và PROMO_NEWS_Data_02 (email của 2 subscriber đã tạo: phuoc.news01@example.com và phuoc.news02@example.com) Step: 1. Nhập "phuoc.news01" vào Email, click [Search] 2. Xóa nội dung Email, click [Search] | D39: 1. Bảng chỉ còn 1 dòng 2. Bảng hiển thị lại đủ danh sách subscriber (gồm 2 subscriber đã tạo) | E39: PROMO_NEWS_Data_01, PROMO_NEWS_Data_02 | F39: Passed | H39: Dữ liệu demo dùng chung, có thể bị reset hoặc bị người khác thêm/sửa; đối chiếu theo dữ liệu thực tế khi chạy
A40: PROMO_NEWS_Search_20 | B40: Kiểm tra tìm kiếm bằng phím Enter | C40: Pre-condition: + Đã đăng nhập trang admin demo (https://admin-demo.nopcommerce.com/admin/) + Đang ở trang Promotions > Newsletter subscribers, chưa nhập tiêu chí tìm kiếm + Đã hoàn thành PROMO_NEWS_Data_01 và PROMO_NEWS_Data_02 (email của 2 subscriber đã tạo: phuoc.news01@example.com và phuoc.news02@example.com) Step: 1. Nhập "phuoc.news01" vào ô Email 2. Nhấn phím Enter | D40: 1. Dữ liệu được nhập đúng 2. Thực hiện tìm kiếm như khi click [Search] (hoặc không phản hồi - ghi nhận hành vi thực tế) | E40: PROMO_NEWS_Data_01, PROMO_NEWS_Data_02 | F40: Failed | H40: Ghi nhận hành vi thực tế của phím Enter trong ô Email
A41: PROMO_NEWS_Search_21 | B41: Kiểm tra Email có khoảng trắng đầu cuối | C41: Pre-condition: + Đã đăng nhập trang admin demo (https://admin-demo.nopcommerce.com/admin/) + Đang ở trang Promotions > Newsletter subscribers, chưa nhập tiêu chí tìm kiếm + Đã hoàn thành PROMO_NEWS_Data_01 và PROMO_NEWS_Data_02 (email của 2 subscriber đã tạo: phuoc.news01@example.com và phuoc.news02@example.com) Step: 1. Nhập " phuoc.news01 " (có khoảng trắng đầu và cuối) vào ô Email 2. Click [Search] | D41: 1. Dữ liệu được nhập đúng 2. Hệ thống cắt khoảng trắng và hiển thị kết quả của "phuoc.news01", hoặc không có kết quả (ghi nhận hành vi thực tế); không báo lỗi hệ thống | E41: PROMO_NEWS_Data_01, PROMO_NEWS_Data_02 | F41: Passed | H41: Ghi nhận hành vi thực tế khi có khoảng trắng đầu/cuối
A42: PROMO_NEWS_Grid_01 | B42: Kiểm tra biểu tượng cột Active khớp với trạng thái subscriber | C42: Pre-condition: + Đã đăng nhập trang admin demo (https://admin-demo.nopcommerce.com/admin/) + Đang ở trang Promotions > Newsletter subscribers, chưa nhập tiêu chí tìm kiếm + Đã hoàn thành PROMO_NEWS_Data_01 và PROMO_NEWS_Data_02 (email của 2 subscriber đã tạo: phuoc.news01@example.com và phuoc.news02@example.com) Step: 1. Quan sát cột Active của 2 dòng phuoc.news01@example.com và phuoc.news02@example.com 2. Click [Edit] ở từng dòng, quan sát ô Active (không sửa gì) | D42: 1. Dòng phuoc.news01@example.com có dấu ✓, dòng phuoc.news02@example.com không có dấu ✓ 2. Trang Edit hiển thị ô Active khớp với bảng ở từng dòng | E42: PROMO_NEWS_Data_01, PROMO_NEWS_Data_02 | F42: Passed | H42: Dữ liệu demo dùng chung, có thể bị reset hoặc bị người khác thêm/sửa; đối chiếu theo dữ liệu thực tế khi chạy
A43: PROMO_NEWS_Grid_02 | B43: Kiểm tra cột Subscription type khớp với trang Edit | C43: Pre-condition: + Đã đăng nhập trang admin demo (https://admin-demo.nopcommerce.com/admin/) + Đang ở trang Promotions > Newsletter subscribers, chưa nhập tiêu chí tìm kiếm + Đã hoàn thành PROMO_NEWS_Data_01 và PROMO_NEWS_Data_02 (email của 2 subscriber đã tạo: phuoc.news01@example.com và phuoc.news02@example.com) Step: 1. Quan sát cột Subscription type của 2 dòng đã tạo 2. Click [Edit] ở từng dòng, đối chiếu mục Subscription type (không sửa gì) | D43: 1. Cột Subscription type hiển thị loại subscription của từng dòng 2. Mục Subscription type trên trang Edit khớp với bảng | E43: PROMO_NEWS_Data_01, PROMO_NEWS_Data_02 | F43: Passed | H43: Dữ liệu demo dùng chung, có thể bị reset hoặc bị người khác thêm/sửa; đối chiếu theo dữ liệu thực tế khi chạy
A44: PROMO_NEWS_Grid_03 | B44: Kiểm tra cột Language | C44: Pre-condition: + Đã đăng nhập trang admin demo (https://admin-demo.nopcommerce.com/admin/) + Đang ở trang Promotions > Newsletter subscribers, chưa nhập tiêu chí tìm kiếm + Đã hoàn thành PROMO_NEWS_Data_01 và PROMO_NEWS_Data_02 (email của 2 subscriber đã tạo: phuoc.news01@example.com và phuoc.news02@example.com) Step: 1. Quan sát cột Language của 2 dòng đã tạo | D44: 1. Cột Language hiển thị ngôn ngữ của subscriber (mặc định English), không để trống hoặc hiện mã lỗi | E44: PROMO_NEWS_Data_01, PROMO_NEWS_Data_02 | F44: Passed | H44: Dữ liệu demo dùng chung, có thể bị reset hoặc bị người khác thêm/sửa; đối chiếu theo dữ liệu thực tế khi chạy; ghi nhận giá trị thực tế
A45: PROMO_NEWS_Grid_04 | B45: Kiểm tra định dạng cột Created on | C45: Pre-condition: + Đã đăng nhập trang admin demo (https://admin-demo.nopcommerce.com/admin/) + Đang ở trang Promotions > Newsletter subscribers, chưa nhập tiêu chí tìm kiếm + Đã hoàn thành PROMO_NEWS_Data_01 và PROMO_NEWS_Data_02 (email của 2 subscriber đã tạo: phuoc.news01@example.com và phuoc.news02@example.com) Step: 1. Quan sát cột Created on của 2 dòng đã tạo | D45: 1. Hiển thị đúng định dạng ngày giờ (ví dụ MM/dd/yyyy hh:mm:ss AM/PM) và gần với thời điểm đã tạo ở Data_01 / Data_02 | E45: PROMO_NEWS_Data_01, PROMO_NEWS_Data_02 | F45: Passed | H45: Dữ liệu demo dùng chung, có thể bị reset hoặc bị người khác thêm/sửa; đối chiếu theo dữ liệu thực tế khi chạy; ghi nhận định dạng và chênh lệch múi giờ thực tế
A46: PROMO_NEWS_Grid_05 | B46: Kiểm tra dữ liệu trong bảng khớp với trang Edit | C46: Pre-condition: + Đã đăng nhập trang admin demo (https://admin-demo.nopcommerce.com/admin/) + Đang ở trang Promotions > Newsletter subscribers, chưa nhập tiêu chí tìm kiếm + Đã hoàn thành PROMO_NEWS_Data_01 và PROMO_NEWS_Data_02 (email của 2 subscriber đã tạo: phuoc.news01@example.com và phuoc.news02@example.com) Step: 1. Ghi lại Email, Active, Subscription type của dòng phuoc.news01@example.com 2. Click [Edit] ở dòng đó, so sánh với trang Edit (không sửa gì) | D46: 1. Dữ liệu được ghi lại 2. Mở trang Edit đúng subscriber (URL /Admin/NewsLetterSubscription/Edit/{id}), Email, Active, Subscription type khớp với bảng | E46: PROMO_NEWS_Data_01 | F46: Passed | H46: Dữ liệu demo dùng chung, có thể bị reset hoặc bị người khác thêm/sửa; đối chiếu theo dữ liệu thực tế khi chạy
A47: PROMO_NEWS_Page_01 | B47: Kiểm tra giá trị mặc định và danh sách của ô Show | C47: Pre-condition: + Đã đăng nhập trang admin demo (https://admin-demo.nopcommerce.com/admin/) + Đang ở trang Promotions > Newsletter subscribers, chưa nhập tiêu chí tìm kiếm Step: 1. Quan sát ô Show dưới bảng 2. Click ô Show, quan sát danh sách | D47: 1. Giá trị mặc định là 15 2. Danh sách gồm các mức số dòng mỗi trang (ví dụ 7, 15, 20, 50, 100) | F47: Passed | H47: Đối chiếu danh sách thực tế với cấu hình của demo
A48: PROMO_NEWS_Page_02 | B48: Kiểm tra đổi số dòng mỗi trang | C48: Pre-condition: + Đã đăng nhập trang admin demo (https://admin-demo.nopcommerce.com/admin/) + Đang ở trang Promotions > Newsletter subscribers, chưa nhập tiêu chí tìm kiếm + Đã hoàn thành PROMO_NEWS_Data_01 và PROMO_NEWS_Data_02 (email của 2 subscriber đã tạo: phuoc.news01@example.com và phuoc.news02@example.com) Step: 1. Chọn Show = 7 2. Chọn Show = 100 | D48: 1. Bảng vẫn hiển thị đủ 2 subscriber đã tạo, thông tin phân trang "1-2 of 2 items", không có trang 2 2. Bảng vẫn hiển thị đủ 2 subscriber đã tạo, không báo lỗi hệ thống | E48: PROMO_NEWS_Data_01, PROMO_NEWS_Data_02 | F48: Passed | H48: Dữ liệu demo dùng chung, có thể bị reset hoặc bị người khác thêm/sửa; đối chiếu theo dữ liệu thực tế khi chạy
A49: PROMO_NEWS_Page_03 | B49: Kiểm tra nút Previous / Next khi chỉ có 1 trang | C49: Pre-condition: + Đã đăng nhập trang admin demo (https://admin-demo.nopcommerce.com/admin/) + Đang ở trang Promotions > Newsletter subscribers, chưa nhập tiêu chí tìm kiếm + Đã hoàn thành PROMO_NEWS_Data_01 và PROMO_NEWS_Data_02 (email của 2 subscriber đã tạo: phuoc.news01@example.com và phuoc.news02@example.com) Step: 1. Quan sát thanh phân trang 2. Click [Previous], sau đó click [Next] | D49: 1. Chỉ có trang 1 được chọn; [Previous] và [Next] ở trạng thái vô hiệu hóa 2. Không đổi trang, dữ liệu bảng không thay đổi | E49: PROMO_NEWS_Data_01, PROMO_NEWS_Data_02 | F49: Passed | H49: Dữ liệu demo dùng chung, có thể bị reset hoặc bị người khác thêm/sửa; đối chiếu theo dữ liệu thực tế khi chạy
A50: PROMO_NEWS_Page_04 | B50: Kiểm tra nút làm mới bảng (biểu tượng refresh) | C50: Pre-condition: + Đã đăng nhập trang admin demo (https://admin-demo.nopcommerce.com/admin/) + Đang ở trang Promotions > Newsletter subscribers, chưa nhập tiêu chí tìm kiếm + Đã hoàn thành PROMO_NEWS_Data_01 và PROMO_NEWS_Data_02 (email của 2 subscriber đã tạo: phuoc.news01@example.com và phuoc.news02@example.com) Step: 1. Nhập "phuoc.news01" vào Email, click [Search] 2. Click nút làm mới bảng ở bên phải thanh phân trang | D50: 1. Bảng chỉ còn 1 dòng 2. Bảng tải lại, vẫn áp dụng tiêu chí đang nhập (1 dòng); không báo lỗi hệ thống | E50: PROMO_NEWS_Data_01, PROMO_NEWS_Data_02 | F50: Passed | H50: Dữ liệu demo dùng chung, có thể bị reset hoặc bị người khác thêm/sửa; đối chiếu theo dữ liệu thực tế khi chạy; ghi nhận bộ lọc có được giữ khi làm mới hay không
A51: PROMO_NEWS_Export_01 | B51: Kiểm tra xuất danh sách subscriber ra file CSV | C51: Pre-condition: + Đã đăng nhập trang admin demo (https://admin-demo.nopcommerce.com/admin/) + Đang ở trang Promotions > Newsletter subscribers, chưa nhập tiêu chí tìm kiếm + Đã hoàn thành PROMO_NEWS_Data_01 và PROMO_NEWS_Data_02 (email của 2 subscriber đã tạo: phuoc.news01@example.com và phuoc.news02@example.com) Step: 1. Click [Export to CSV] khi chưa nhập tiêu chí 2. Mở file .csv vừa tải về | D51: 1. Trình duyệt tải về 1 file .csv, không báo lỗi hệ thống 2. File chứa email phuoc.news01@example.com và phuoc.news02@example.com cùng trạng thái Active tương ứng; không lỗi font, không bị cắt dòng | E51: PROMO_NEWS_Data_01, PROMO_NEWS_Data_02 | F51: Passed | H51: Dữ liệu demo dùng chung, có thể bị reset hoặc bị người khác thêm/sửa; đối chiếu theo dữ liệu thực tế khi chạy; ghi nhận tên file và các cột thực tế; nếu demo chặn export thì ghi nhận thông báo thực tế
A52: PROMO_NEWS_Export_02 | B52: Kiểm tra xuất file CSV khi đang áp dụng bộ lọc | C52: Pre-condition: + Đã đăng nhập trang admin demo (https://admin-demo.nopcommerce.com/admin/) + Đang ở trang Promotions > Newsletter subscribers, chưa nhập tiêu chí tìm kiếm + Đã hoàn thành PROMO_NEWS_Data_01 và PROMO_NEWS_Data_02 (email của 2 subscriber đã tạo: phuoc.news01@example.com và phuoc.news02@example.com) Step: 1. Nhập "phuoc.news01" vào Email, click [Search] 2. Click [Export to CSV] 3. Mở file .csv vừa tải về | D52: 1. Bảng chỉ còn 1 dòng 2. Trình duyệt tải về 1 file .csv, không báo lỗi hệ thống 3. File chỉ chứa phuoc.news01@example.com nếu export theo bộ lọc, hoặc chứa toàn bộ subscriber nếu export không theo bộ lọc (ghi nhận hành vi thực tế) | E52: PROMO_NEWS_Data_01, PROMO_NEWS_Data_02 | F52: Failed | H52: Dữ liệu demo dùng chung, có thể bị reset hoặc bị người khác thêm/sửa; đối chiếu theo dữ liệu thực tế khi chạy; ghi nhận file có áp dụng bộ lọc hay không
A53: PROMO_NEWS_Export_03 | B53: Kiểm tra xuất file CSV khi bảng không có dữ liệu | C53: Pre-condition: + Đã đăng nhập trang admin demo (https://admin-demo.nopcommerce.com/admin/) + Đang ở trang Promotions > Newsletter subscribers, chưa nhập tiêu chí tìm kiếm Step: 1. Nhập "zzz_khong_ton_tai@example.com" vào Email, click [Search] 2. Click [Export to CSV] | D53: 1. Bảng không có dòng nào 2. Không báo lỗi hệ thống; tải về file .csv không có dòng subscriber nào (hoặc có thông báo không có dữ liệu - ghi nhận hành vi thực tế) | F53: Failed | H53: Ghi nhận hành vi thực tế khi không có dữ liệu để xuất
A54: PROMO_NEWS_Import_01 | B54: Kiểm tra mở hộp thoại Import from CSV | C54: Pre-condition: + Đã đăng nhập trang admin demo (https://admin-demo.nopcommerce.com/admin/) + Đang ở trang Promotions > Newsletter subscribers, chưa nhập tiêu chí tìm kiếm Step: 1. Click [Import from CSV] ở góc phải | D54: 1. Hiển thị hộp thoại Import gồm ô chọn file và nút [Import]; có hướng dẫn về định dạng file CSV (ghi nhận nội dung thực tế) | F54: Passed | H54: Ghi nhận nội dung hướng dẫn và tên các nút thực tế
A55: PROMO_NEWS_Import_02 | B55: Kiểm tra đóng hộp thoại Import mà không import | C55: Pre-condition: + Đã đăng nhập trang admin demo (https://admin-demo.nopcommerce.com/admin/) + Đang ở trang Promotions > Newsletter subscribers, chưa nhập tiêu chí tìm kiếm Step: 1. Click [Import from CSV] 2. Đóng hộp thoại (nút đóng ở góc hộp thoại hoặc click ra ngoài) | D55: 1. Hiển thị hộp thoại Import 2. Hộp thoại đóng, quay lại danh sách; không import dữ liệu nào, bảng không thay đổi | F55: Passed
A56: PROMO_NEWS_Import_03 | B56: Kiểm tra click [Import] khi chưa chọn file | C56: Pre-condition: + Đã đăng nhập trang admin demo (https://admin-demo.nopcommerce.com/admin/) + Đang ở trang Promotions > Newsletter subscribers, chưa nhập tiêu chí tìm kiếm Step: 1. Click [Import from CSV] 2. Không chọn file, click [Import] | D56: 1. Hiển thị hộp thoại Import 2. Hiển thị thông báo yêu cầu chọn file (hoặc không thực hiện import); không báo lỗi hệ thống, không tạo subscriber | F56: Failed | H56: Ghi nhận nội dung thông báo thực tế; demo có thể chặn chức năng Import
A57: PROMO_NEWS_Import_04 | B57: Kiểm tra import file không phải định dạng CSV | C57: Pre-condition: + Đã đăng nhập trang admin demo (https://admin-demo.nopcommerce.com/admin/) + Đang ở trang Promotions > Newsletter subscribers, chưa nhập tiêu chí tìm kiếm + Có sẵn một file không phải CSV (ví dụ test.png) trên máy Step: 1. Click [Import from CSV] 2. Chọn file test.png, click [Import] | D57: 1. Hiển thị hộp thoại Import 2. Hệ thống từ chối file hoặc báo lỗi định dạng; không tạo subscriber, không báo lỗi hệ thống | F57: Failed | H57: Ghi nhận nội dung thông báo thực tế; demo có thể chặn chức năng Import
A58: PROMO_NEWS_Nav_01 | B58: Kiểm tra nút [Add new] | C58: Pre-condition: + Đã đăng nhập trang admin demo (https://admin-demo.nopcommerce.com/admin/) + Đang ở trang Promotions > Newsletter subscribers, chưa nhập tiêu chí tìm kiếm Step: 1. Click [Add new] ở góc phải | D58: 1. Chuyển sang trang thêm subscriber mới (URL /Admin/NewsLetterSubscription/Create); không tạo subscriber nào | F58: Passed
A59: PROMO_NEWS_Nav_02 | B59: Kiểm tra nút [Edit] và quay lại danh sách | C59: Pre-condition: + Đã đăng nhập trang admin demo (https://admin-demo.nopcommerce.com/admin/) + Đang ở trang Promotions > Newsletter subscribers, chưa nhập tiêu chí tìm kiếm + Đã hoàn thành PROMO_NEWS_Data_01 và PROMO_NEWS_Data_02 (email của 2 subscriber đã tạo: phuoc.news01@example.com và phuoc.news02@example.com) Step: 1. Click [Edit] ở dòng phuoc.news01@example.com 2. Click liên kết quay lại danh sách ở đầu trang Edit (không sửa gì) | D59: 1. Mở trang Edit subscriber, Email đúng với dòng đã chọn 2. Quay lại trang Newsletter subscribers, bảng vẫn hiển thị danh sách subscriber | E59: PROMO_NEWS_Data_01 | F59: Passed | H59: Dữ liệu demo dùng chung, có thể bị reset hoặc bị người khác thêm/sửa; đối chiếu theo dữ liệu thực tế khi chạy
A60: PROMO_NEWS_Nav_03 | B60: Kiểm tra chuyển qua lại giữa các mục trong menu Promotions | C60: Pre-condition: + Đã đăng nhập trang admin demo (https://admin-demo.nopcommerce.com/admin/) + Đang ở trang Promotions > Newsletter subscribers, chưa nhập tiêu chí tìm kiếm Step: 1. Click [Subscription types] trong menu Promotions 2. Click [Newsletter subscribers] | D60: 1. Hiển thị trang Subscription types 2. Hiển thị lại trang Newsletter subscribers, mục Newsletter subscribers được làm nổi bật trong menu | F60: Passed
A61: PROMO_NEWS_Nav_04 | B61: Kiểm tra liên kết "Learn more about email campaigns" | C61: Pre-condition: + Đã đăng nhập trang admin demo (https://admin-demo.nopcommerce.com/admin/) + Đang ở trang Promotions > Newsletter subscribers, chưa nhập tiêu chí tìm kiếm Step: 1. Click liên kết "email campaigns" phía trên bảng | D61: 1. Mở trang tài liệu nopCommerce về email campaigns (docs.nopcommerce.com); trang admin vẫn giữ nguyên | F61: Passed | H61: Ghi nhận trang tài liệu mở ở tab mới hay cùng tab
A62: PROMO_NEWS_Nav_05 | B62: Kiểm tra tải lại trang (F5) sau khi tìm kiếm | C62: Pre-condition: + Đã đăng nhập trang admin demo (https://admin-demo.nopcommerce.com/admin/) + Đang ở trang Promotions > Newsletter subscribers, chưa nhập tiêu chí tìm kiếm + Đã hoàn thành PROMO_NEWS_Data_01 và PROMO_NEWS_Data_02 (email của 2 subscriber đã tạo: phuoc.news01@example.com và phuoc.news02@example.com) Step: 1. Nhập "phuoc.news01" vào Email, click [Search] 2. Nhấn F5 để tải lại trang | D62: 1. Bảng chỉ còn 1 dòng 2. Trang tải lại, không báo lỗi hệ thống; ghi nhận bộ lọc được giữ hay trở về mặc định | E62: PROMO_NEWS_Data_01, PROMO_NEWS_Data_02 | F62: Failed | H62: Ghi nhận hành vi thực tế sau khi tải lại trang
A63: PROMO_NEWS_Nav_06 | B63: Kiểm tra nút Back của trình duyệt sau khi mở trang Edit | C63: Pre-condition: + Đã đăng nhập trang admin demo (https://admin-demo.nopcommerce.com/admin/) + Đang ở trang Promotions > Newsletter subscribers, chưa nhập tiêu chí tìm kiếm + Đã hoàn thành PROMO_NEWS_Data_01 và PROMO_NEWS_Data_02 (email của 2 subscriber đã tạo: phuoc.news01@example.com và phuoc.news02@example.com) Step: 1. Click [Edit] ở dòng phuoc.news01@example.com 2. Click nút Back của trình duyệt | D63: 1. Mở trang Edit subscriber 2. Quay về trang Newsletter subscribers, vẫn ở trạng thái đăng nhập admin, bảng hiển thị bình thường | E63: PROMO_NEWS_Data_01 | F63: Passed | H63: Dữ liệu demo dùng chung, có thể bị reset hoặc bị người khác thêm/sửa; đối chiếu theo dữ liệu thực tế khi chạy
A64: PROMO_NEWS_Security_01 | B64: Kiểm tra mã script ở Email không bị thực thi | C64: Pre-condition: + Đã đăng nhập trang admin demo (https://admin-demo.nopcommerce.com/admin/) + Đang ở trang Promotions > Newsletter subscribers, chưa nhập tiêu chí tìm kiếm Step: 1. Nhập <script>alert(1)</script> vào ô Email 2. Click [Search] | D64: 1. Dữ liệu được nhập đúng 2. Không xuất hiện hộp thoại alert, bảng không có dòng nào, không báo lỗi hệ thống | F64: Failed
A65: PROMO_NEWS_Security_02 | B65: Kiểm tra SQL injection ở Email | C65: Pre-condition: + Đã đăng nhập trang admin demo (https://admin-demo.nopcommerce.com/admin/) + Đang ở trang Promotions > Newsletter subscribers, chưa nhập tiêu chí tìm kiếm Step: 1. Nhập ' OR 1=1 -- vào ô Email 2. Click [Search] | D65: 1. Dữ liệu được nhập đúng 2. Không báo lỗi hệ thống, không lộ thông tin kỹ thuật; không trả về dữ liệu ngoài phạm vi tìm kiếm | F65: Failed
A66: PROMO_NEWS_Security_03 | B66: Kiểm tra Email rất dài | C66: Pre-condition: + Đã đăng nhập trang admin demo (https://admin-demo.nopcommerce.com/admin/) + Đang ở trang Promotions > Newsletter subscribers, chưa nhập tiêu chí tìm kiếm Step: 1. Nhập chuỗi 500 ký tự "a" vào ô Email 2. Click [Search] | D66: 1. Dữ liệu được nhập 2. Bảng không có dòng nào; không báo lỗi hệ thống, giao diện không vỡ | F66: Passed
A67: PROMO_NEWS_Security_04 | B67: Kiểm tra truy cập trang Newsletter subscribers khi chưa đăng nhập admin | C67: Pre-condition: + Đã đăng nhập trang admin demo (https://admin-demo.nopcommerce.com/admin/) + Đang ở trang Promotions > Newsletter subscribers, chưa nhập tiêu chí tìm kiếm Step: 1. Click [Logout] ở góc phải trên cùng 2. Nhập URL https://admin-demo.nopcommerce.com/Admin/NewsLetterSubscription/List vào thanh địa chỉ | D67: 1. Đăng xuất thành công, chuyển về trang đăng nhập admin 2. Không xem được danh sách subscriber, chuyển về trang đăng nhập admin (URL có ReturnUrl) | F67: Passed | H67: Đăng nhập lại admin demo (thông tin được điền sẵn) sau khi chạy case này
A68: PROMO_NEWS_Security_05 | B68: Kiểm tra trang Newsletter subscribers dùng kết nối HTTPS | C68: Pre-condition: + Đã đăng nhập trang admin demo (https://admin-demo.nopcommerce.com/admin/) + Đang ở trang Promotions > Newsletter subscribers, chưa nhập tiêu chí tìm kiếm Step: 1. Quan sát biểu tượng ổ khóa trên thanh địa chỉ | D68: 1. Trang dùng HTTPS, chứng chỉ hợp lệ, không có cảnh báo nội dung hỗn hợp | F68: Passed
A69: PROMO_NEWS_Security_06 | B69: Kiểm tra truy cập trang Edit với ID subscriber không tồn tại | C69: Pre-condition: + Đã đăng nhập trang admin demo (https://admin-demo.nopcommerce.com/admin/) + Đang ở trang Promotions > Newsletter subscribers, chưa nhập tiêu chí tìm kiếm Step: 1. Nhập URL https://admin-demo.nopcommerce.com/Admin/NewsLetterSubscription/Edit/999999 vào thanh địa chỉ | D69: 1. Không mở được trang chi tiết; chuyển về danh sách Newsletter subscribers hoặc báo không tìm thấy; không báo lỗi hệ thống, không lộ thông tin kỹ thuật | F69: Failed | H69: Ghi nhận hành vi thực tế (chuyển hướng hay hiển thị thông báo)

Sheet Test Report
B1: TEST REPORT
B3: Project Name | C3: =Cover!C4 -> nopCommerce Demo | E3: Creator | G3: Lê Hữu Phước
B4: Project Code | C4: =Cover!C5 -> NOP | E4: Reviewer/Approver | G4: ThS. Trần Thị Thanh Nga
B5: Document Code | C5: =C4&"_"&"Test Report"&"_"&"v0.1" -> NOP_Test Report_v0.1 | E5: Issue Date | G5: 46317
B6: Notes | C6: Gồm 4 module: Register-Login-Logout (Đăng ký, đăng nhập, đăng xuất); Promotions - Discounts (Khuyến mãi); Promotions - Affiliates; Promotions - Newsletter subscribers
B10: No | C10: Module code | D10: Pass | E10: Fail | F10: Untested | G10: Blocked | H10: Skipped | I10: Number of test cases
B11: 1 | C11: ='User - Register-Login-Logout'!B2 -> User - Register-Login-Logout | D11: ='User - Register-Login-Logout'!A6 -> 58 | E11: ='User - Register-Login-Logout'!B6 -> 25 | F11: ='User - Register-Login-Logout'!C6 -> 0 | G11: ='User - Register-Login-Logout'!D6 -> 0 | H11: ='User - Register-Login-Logout'!E6 -> 0 | I11: ='User - Register-Login-Logout'!F6 -> 83
B12: 2 | C12: ='Admin - Promotions - Discounts'!B2 -> Admin - Promotions - Discounts | D12: ='Admin - Promotions - Discounts'!A6 -> 38 | E12: ='Admin - Promotions - Discounts'!B6 -> 10 | F12: ='Admin - Promotions - Discounts'!C6 -> 0 | G12: ='Admin - Promotions - Discounts'!D6 -> 0 | H12: ='Admin - Promotions - Discounts'!E6 -> 0 | I12: ='Admin - Promotions - Discounts'!F6 -> 48
B13: 3 | C13: ='Admin - Promotions - Affiliates'!B2 -> Admin - Promotions - Affiliates | D13: ='Admin - Promotions - Affiliates'!A6 -> 0 | E13: ='Admin - Promotions - Affiliates'!B6 -> 0 | F13: ='Admin - Promotions - Affiliates'!C6 -> 42 | G13: ='Admin - Promotions - Affiliates'!D6 -> 0 | H13: ='Admin - Promotions - Affiliates'!E6 -> 0 | I13: ='Admin - Promotions - Affiliates'!F6 -> 42
B14: 4 | C14: ='Admin - Promotions - Newsletter'!B2 -> Admin - Promotions - Newsletter subscribers | D14: ='Admin - Promotions - Newsletter'!A6 -> 49 | E14: ='Admin - Promotions - Newsletter'!B6 -> 12 | F14: ='Admin - Promotions - Newsletter'!C6 -> 0 | G14: ='Admin - Promotions - Newsletter'!D6 -> 0 | H14: ='Admin - Promotions - Newsletter'!E6 -> 0 | I14: ='Admin - Promotions - Newsletter'!F6 -> 61
C15: Sub total | D15: =SUM(D11:D14) -> 145 | E15: =SUM(E11:E14) -> 47 | F15: =SUM(F11:F14) -> 42 | G15: =SUM(G11:G14) -> 0 | H15: =SUM(H11:H14) -> 0 | I15: =SUM(I11:I14) -> 234
C17: Test coverage | E17: =IF(I15-H15-G15=0,0,(D15+E15)*100/(I15-H15-G15)) -> 82.051282 | F17: %
C18: Test successful coverage | E18: =IF(D15+E15=0,0,D15*100/(D15+E15)) -> 75.520833 | F18: %
